"q","biteA","Mean_Annual_Seroprevalence","param1","Persistence","mean_popn_R0","R0_when_q0","Persist_long","Persist_year"
"0",0.01,0.0180225462364671,0,0,0.769156058883459,0.769156058883459,"no","no"
"0",0.02,0.0182960615269901,0,62,0.773281818437485,0.773281818437485,"no","no"
"0",0.03,0.018586949480469,0,70,0.780102821740966,0.780102821740966,"no","no"
"0",0.04,0.0189419499351004,0,76,0.789549836368074,0.789549836368074,"no","no"
"0",0.05,0.019304711377193,0,81,0.801531027392836,0.801531027392836,"no","no"
"0",0.06,0.0197894302149269,0,86,0.815935817514276,0.815935817514276,"no","no"
"0",0.07,0.0205476640228402,0,91,0.832639651522093,0.832639651522093,"no","no"
"0",0.08,0.0214432297945462,0,96,0.851509007840383,0.851509007840383,"no","no"
"0",0.09,0.0225051558261012,0,101,0.872405346435265,0.872405346435265,"no","no"
"0",0.1,0.0239094127360933,0,107,0.895193774451001,0.895193774451001,"no","no"
"0",0.11,0.0257836653373825,0,112,0.919740782806028,0.919740782806028,"no","no"
"0",0.12,0.0279531964277238,0,117,0.945904723225239,0.945904723225239,"no","no"
"0",0.13,0.0303682326328119,0,121,0.973561562813472,0.973561562813472,"no","no"
"0",0.14,0.0330880659141798,0,124,1.0025919617632,1.0025919617632,"no","yes"
"0",0.15,0.0360534703585465,0,126,1.03288292582847,1.03288292582847,"no","yes"
"0",0.16,0.0391478977006957,0,127,1.06432760116345,1.06432760116345,"no","yes"
"0",0.17,0.0422066352583538,0,127,1.09682414718205,1.09682414718205,"no","yes"
"0",0.18,0.0450461745586497,0,126,1.13027660947927,1.13027660947927,"no","yes"
"0",0.19,0.047509740703821,0,123,1.16459555762042,1.16459555762042,"no","yes"
"0",0.2,0.0495081450179097,0,120,1.19969976732801,1.19969976732801,"no","yes"
"0",0.21,0.0510325135070754,0,116,1.23551741007015,1.23551741007015,"no","yes"
"0",0.22,0.0521384047159472,0,112,1.27198593493271,1.27198593493271,"no","yes"
"0",0.23,0.0529129205866401,0,107,1.30905117445867,1.30905117445867,"no","yes"
"0",0.24,0.0534456833232282,0,103,1.34666546412739,1.34666546412739,"no","yes"
"0",0.25,0.0538121134744807,0,99,1.38478588452287,1.38478588452287,"no","yes"
"0",0.26,0.054067952401898,0,95,1.42337363747462,1.42337363747462,"no","yes"
"0",0.27,0.0542524139903862,0,92,1.46239311386974,1.46239311386974,"no","yes"
"0",0.28,0.0543899035411377,0,90,1.50181197638413,1.50181197638413,"no","yes"
"0",0.29,0.0544968106708046,0,87,1.54160062091384,1.54160062091384,"no","yes"
"0",0.3,0.05458269265997,0,85,1.58173099971548,1.58173099971548,"no","yes"
"0",0.31,0.0546542140193653,0,84,1.62217866941666,1.62217866941666,"no","yes"
"0",0.32,0.05471484295183,0,82,1.66292043862382,1.66292043862382,"no","yes"
"0",0.33,0.0547686357433239,0,81,1.70393559778201,1.70393559778201,"no","yes"
"0",0.34,0.054816242981824,0,80,1.74520480135393,1.74520480135393,"no","yes"
"0",0.35,0.0548590975319867,0,79,1.78671069146476,1.78671069146476,"no","yes"
"0",0.36,0.0548981552925554,0,78,1.82843716602574,1.82843716602574,"no","yes"
"0",0.37,0.0549353124301866,0,77,1.87036978833493,1.87036978833493,"no","yes"
"0",0.38,0.0549697164645872,0,77,1.91249423857766,1.91249423857766,"no","yes"
"0",0.39,0.0550012926386382,0,76,1.95479927481554,1.95479927481554,"no","yes"
"0",0.4,0.0550328522116421,0,75,1.99727290921771,1.99727290921771,"no","yes"
"0",0.41,0.0550617042628295,0,75,2.03990448547017,2.03990448547017,"no","yes"
"0",0.42,0.0550905957056243,0,74,2.08268532447781,2.08268532447781,"no","yes"
"0",0.43,0.0551172460061324,0,74,2.12560494675522,2.12560494675522,"no","yes"
"0",0.44,0.0551443155216713,0,74,2.16865597984471,2.16865597984471,"no","yes"
"0",0.45,0.0551698746081842,0,73,2.21183071148553,2.21183071148553,"no","yes"
"0.1",0.01,0.0180475517705935,0.1,0,0.769363369430397,0.769156058883459,"no","no"
"0.1",0.02,0.0183463653237207,0.1,62,0.77409703227099,0.773281818437485,"no","no"
"0.1",0.03,0.0186639316657206,0.1,70,0.781896530549913,0.780102821740966,"no","no"
"0.1",0.04,0.0190476017506611,0.1,76,0.792647256568774,0.789549836368074,"no","no"
"0.1",0.05,0.019441845515828,0.1,81,0.806201166692246,0.801531027392836,"no","no"
"0.1",0.06,0.0199626405370607,0.1,86,0.822386681335044,0.815935817514276,"no","no"
"0.1",0.07,0.0207610295968927,0.1,91,0.841018958615724,0.832639651522093,"no","no"
"0.1",0.08,0.0217024687753537,0.1,97,0.861907917941098,0.851509007840383,"no","no"
"0.1",0.09,0.0228170782551779,0.1,101,0.884865933096139,0.872405346435265,"no","no"
"0.1",0.1,0.0243217633158187,0.1,306,0.909721766635822,0.895193774451001,"no","no"
"0.1",0.11,0.026580745699772,0.1,324,0.936331465362323,0.919740782806028,"no","no"
"0.1",0.12,0.0289271223595169,0.1,332,0.964498900719485,0.945904723225239,"no","no"
"0.1",0.13,0.0316066057267379,0.1,338,0.994095743221269,0.973561562813472,"no","no"
"0.1",0.14,0.0346078382220468,0.1,342,1.02499444799879,1.0025919617632,"no","yes"
"0.1",0.15,0.0378549089338246,0.1,345,1.05707666178205,1.03288292582847,"no","yes"
"0.1",0.16,0.0412107941503023,0.1,346,1.09023157527682,1.06432760116345,"no","yes"
"0.1",0.17,0.0455097457665389,0.1,763,1.1244976498102,1.09682414718205,"no","yes"
"0.1",0.18,0.0504572703119436,0.1,840,1.1597811873706,1.13027660947927,"no","yes"
"0.1",0.19,0.0548315905106699,0.1,847,1.19598956808912,1.16459555762042,"no","yes"
"0.1",0.2,0.0647297413027599,0.1,1222,1.23373792822092,1.19969976732801,"no","yes"
"0.1",0.21,0.0721892762026824,0.1,1213,1.2720599063241,1.23551741007015,"no","yes"
"0.1",0.22,0.104417892583346,0.1,1606,1.31488001991576,1.27198593493271,"no","yes"
"0.1",0.23,0.113097981540092,0.1,1844,1.35644411533628,1.30905117445867,"no","yes"
"0.1",0.24,0.404599163197095,0.1,8012,1.46697421341243,1.34666546412739,"no","yes"
"0.1",0.25,0.725804304316642,0.1,12418,1.62785593711273,1.38478588452287,"yes","yes"
"0.1",0.26,0.766651977082381,0.1,12411,1.6963289276973,1.42337363747462,"yes","yes"
"0.1",0.27,0.786047012683573,0.1,12408,1.75687388074226,1.46239311386974,"yes","yes"
"0.1",0.28,0.797186933052305,0.1,12406,1.81394750310284,1.50181197638413,"yes","yes"
"0.1",0.29,0.804112506292319,0.1,12403,1.86927839796666,1.54160062091384,"yes","yes"
"0.1",0.3,0.808662912179377,0.1,12401,1.92373327819712,1.58173099971548,"yes","yes"
"0.1",0.31,0.811779939663752,0.1,12400,1.97777450643955,1.62217866941666,"yes","yes"
"0.1",0.32,0.813989582930807,0.1,12398,2.03164732974995,1.66292043862382,"yes","yes"
"0.1",0.33,0.81559953694188,0.1,12397,2.08548811258999,1.70393559778201,"yes","yes"
"0.1",0.34,0.816795850172538,0.1,12396,2.13937751952973,1.74520480135393,"yes","yes"
"0.1",0.35,0.817707042015878,0.1,12395,2.19336224955333,1.78671069146476,"yes","yes"
"0.1",0.36,0.818405065727472,0.1,12394,2.2474698947845,1.82843716602574,"yes","yes"
"0.1",0.37,0.818949195433545,0.1,12393,2.30171681189142,1.87036978833493,"yes","yes"
"0.1",0.38,0.81937317808064,0.1,12393,2.35611315302831,1.91249423857766,"yes","yes"
"0.1",0.39,0.819703726800678,0.1,12392,2.41066227914108,1.95479927481554,"yes","yes"
"0.1",0.4,0.819968182585137,0.1,12392,2.46536657517657,1.99727290921771,"yes","yes"
"0.1",0.41,0.820179934480767,0.1,12391,2.52022396172532,2.03990448547017,"yes","yes"
"0.1",0.42,0.820342671165188,0.1,12391,2.57523364717186,2.08268532447781,"yes","yes"
"0.1",0.43,0.820473009516248,0.1,12391,2.63039151269597,2.12560494675522,"yes","yes"
"0.1",0.44,0.820573238000478,0.1,12391,2.68569509547447,2.16865597984471,"yes","yes"
"0.1",0.45,0.820652421046132,0.1,12391,2.74114071007221,2.21183071148553,"yes","yes"
"0.2",0.01,0.018079512134916,0.2,0,0.769643119069963,0.769156058883459,"no","no"
"0.2",0.02,0.018410669722741,0.2,62,0.775190890010374,0.773281818437485,"no","no"
"0.2",0.03,0.0187623617927269,0.2,70,0.784282729704062,0.780102821740966,"no","no"
"0.2",0.04,0.0191827135495285,0.2,76,0.796721425958737,0.789549836368074,"no","no"
"0.2",0.05,0.0196172677467875,0.2,81,0.812263240287696,0.801531027392836,"no","no"
"0.2",0.06,0.0201840528420503,0.2,86,0.830640335772825,0.815935817514276,"no","no"
"0.2",0.07,0.0210820634359629,0.2,310,0.85158421116026,0.832639651522093,"no","no"
"0.2",0.08,0.0222178709740031,0.2,319,0.874831763927755,0.851509007840383,"no","no"
"0.2",0.09,0.0235624781004897,0.2,327,0.900134866752489,0.872405346435265,"no","no"
"0.2",0.1,0.0253034103788975,0.2,334,0.927280986764052,0.895193774451001,"no","no"
"0.2",0.11,0.0278544003124746,0.2,736,0.956105279005551,0.919740782806028,"no","no"
"0.2",0.12,0.0308018365476921,0.2,751,0.986409521993153,0.945904723225239,"no","no"
"0.2",0.13,0.0346444648350021,0.2,1085,1.01809718311683,0.973561562813472,"no","no"
"0.2",0.14,0.0405962758049749,0.2,1102,1.05118947390187,1.0025919617632,"no","yes"
"0.2",0.15,0.0817054760047067,0.2,1621,1.08761664550738,1.03288292582847,"no","yes"
"0.2",0.16,0.0854706001065528,0.2,1615,1.12365166368124,1.06432760116345,"no","yes"
"0.2",0.17,0.110535395442821,0.2,3049,1.16266553712745,1.09682414718205,"no","yes"
"0.2",0.18,0.242264499622238,0.2,6672,1.21937392406487,1.13027660947927,"no","yes"
"0.2",0.19,0.476031359595454,0.2,10354,1.31068982941843,1.16459555762042,"no","yes"
"0.2",0.2,0.679207651731916,0.2,12421,1.41891308631232,1.19969976732801,"yes","yes"
"0.2",0.21,0.73119220824173,0.2,12413,1.48583320009302,1.23551741007015,"yes","yes"
"0.2",0.22,0.762479968412429,0.2,12408,1.54749235400792,1.27198593493271,"yes","yes"
"0.2",0.23,0.781444380995401,0.2,12405,1.60510067269663,1.30905117445867,"yes","yes"
"0.2",0.24,0.793305047294429,0.2,12402,1.66019960482237,1.34666546412739,"yes","yes"
"0.2",0.25,0.801020660601607,0.2,12400,1.7138939917442,1.38478588452287,"yes","yes"
"0.2",0.26,0.806237471012761,0.2,12398,1.76687716243744,1.42337363747462,"yes","yes"
"0.2",0.27,0.809878916320747,0.2,12396,1.81954934477116,1.46239311386974,"yes","yes"
"0.2",0.28,0.81249714534563,0.2,12395,1.87213435112522,1.50181197638413,"yes","yes"
"0.2",0.29,0.814426370814751,0.2,12394,1.9247608706322,1.54160062091384,"yes","yes"
"0.2",0.3,0.815872373173536,0.2,12393,1.97750333597537,1.58173099971548,"yes","yes"
"0.2",0.31,0.816981904703803,0.2,12392,2.03040563451973,1.62217866941666,"yes","yes"
"0.2",0.32,0.817835837186008,0.2,12391,2.08348973524094,1.66292043862382,"yes","yes"
"0.2",0.33,0.818504617199931,0.2,12390,2.13676857165727,1.70393559778201,"yes","yes"
"0.2",0.34,0.819032553959517,0.2,12390,2.19024712529228,1.74520480135393,"yes","yes"
"0.2",0.35,0.819455275573653,0.2,12389,2.24392550499038,1.78671069146476,"yes","yes"
"0.2",0.36,0.819786660944642,0.2,12389,2.29780135921298,1.82843716602574,"yes","yes"
"0.2",0.37,0.820055678093157,0.2,12388,2.35186977870316,1.87036978833493,"yes","yes"
"0.2",0.38,0.820267406703884,0.2,12388,2.40612674889045,1.91249423857766,"yes","yes"
"0.2",0.39,0.820436199897496,0.2,12388,2.46056558703126,1.95479927481554,"yes","yes"
"0.2",0.4,0.820574712128487,0.2,12388,2.51518134706707,1.99727290921771,"yes","yes"
"0.2",0.41,0.820681942585336,0.2,12388,2.569966992235,2.03990448547017,"yes","yes"
"0.2",0.42,0.820765156504311,0.2,12388,2.62491673640943,2.08268532447781,"yes","yes"
"0.2",0.43,0.820831176833171,0.2,12388,2.68002499965392,2.12560494675522,"yes","yes"
"0.2",0.44,0.8208794054003,0.2,12388,2.73528604405588,2.16865597984471,"yes","yes"
"0.2",0.45,0.820913957119698,0.2,12388,2.79069305767359,2.21183071148553,"yes","yes"
"0.3",0.01,0.0181211871026433,0.3,0,0.770040747648116,0.769156058883459,"no","no"
"0.3",0.02,0.0184945272639847,0.3,62,0.776732460015206,0.773281818437485,"no","no"
"0.3",0.03,0.018890738952354,0.3,70,0.787598887421984,0.780102821740966,"no","no"
"0.3",0.04,0.0193589538571511,0.3,76,0.802284018263284,0.789549836368074,"no","no"
"0.3",0.05,0.0198461402710034,0.3,81,0.820376643322757,0.801531027392836,"no","no"
"0.3",0.06,0.0205912254489631,0.3,315,0.84146525269553,0.815935817514276,"no","no"
"0.3",0.07,0.0216035297308711,0.3,322,0.865151212888387,0.832639651522093,"no","no"
"0.3",0.08,0.0228960764072178,0.3,723,0.891089944944705,0.851509007840383,"no","no"
"0.3",0.09,0.0245909216371412,0.3,738,0.918993667235959,0.872405346435265,"no","no"
"0.3",0.1,0.0271308957826531,0.3,1072,0.948629140655686,0.895193774451001,"no","no"
"0.3",0.11,0.0308263611910857,0.3,1094,0.979812177228439,0.919740782806028,"no","no"
"0.3",0.12,0.0694290019113848,0.3,1626,1.01413139049065,0.945904723225239,"no","no"
"0.3",0.13,0.0789491261856352,0.3,1618,1.04862826428921,0.973561562813472,"no","no"
"0.3",0.14,0.108831987528442,0.3,4385,1.08666745430126,1.0025919617632,"no","yes"
"0.3",0.15,0.296265516566192,0.3,9273,1.14638630245562,1.03288292582847,"no","yes"
"0.3",0.16,0.548338812575451,0.3,12443,1.24295641194104,1.06432760116345,"yes","yes"
"0.3",0.17,0.643782611801008,0.3,12421,1.31286021866894,1.09682414718205,"yes","yes"
"0.3",0.18,0.706623530905281,0.3,12413,1.37917929340052,1.13027660947927,"yes","yes"
"0.3",0.19,0.74609425410046,0.3,12407,1.44119354188768,1.16459555762042,"yes","yes"
"0.3",0.2,0.770444541287306,0.3,12403,1.49897756458581,1.19969976732801,"yes","yes"
"0.3",0.21,0.785796245229678,0.3,12400,1.55392152033213,1.23551741007015,"yes","yes"
"0.3",0.22,0.795821379085057,0.3,12398,1.60722878909005,1.27198593493271,"yes","yes"
"0.3",0.23,0.80259198057064,0.3,12396,1.65968939833997,1.30905117445867,"yes","yes"
"0.3",0.24,0.807299967171949,0.3,12394,1.71176680341271,1.34666546412739,"yes","yes"
"0.3",0.25,0.810662608349442,0.3,12393,1.76372730030869,1.38478588452287,"yes","yes"
"0.3",0.26,0.813114268417491,0.3,12392,1.81572069998257,1.42337363747462,"yes","yes"
"0.3",0.27,0.81494083330787,0.3,12391,1.86783694806017,1.46239311386974,"yes","yes"
"0.3",0.28,0.816323326836414,0.3,12390,1.92012819000002,1.50181197638413,"yes","yes"
"0.3",0.29,0.817384154086792,0.3,12389,1.97262302909925,1.54160062091384,"yes","yes"
"0.3",0.3,0.81820863872806,0.3,12388,2.02533580544071,1.58173099971548,"yes","yes"
"0.3",0.31,0.818848951607543,0.3,12388,2.07827221100886,1.62217866941666,"yes","yes"
"0.3",0.32,0.819356700604934,0.3,12387,2.13143261324182,1.66292043862382,"yes","yes"
"0.3",0.33,0.819761131386632,0.3,12387,2.18481388065937,1.70393559778201,"yes","yes"
"0.3",0.34,0.820080308737176,0.3,12386,2.23841018844294,1.74520480135393,"yes","yes"
"0.3",0.35,0.820332646754681,0.3,12386,2.29221652841481,1.78671069146476,"yes","yes"
"0.3",0.36,0.820539485061514,0.3,12386,2.34622530716474,1.82843716602574,"yes","yes"
"0.3",0.37,0.820700123842844,0.3,12386,2.40042897766633,1.87036978833493,"yes","yes"
"0.3",0.38,0.820826987360426,0.3,12386,2.45482094379512,1.91249423857766,"yes","yes"
"0.3",0.39,0.820928301393966,0.3,12386,2.50939346196461,1.95479927481554,"yes","yes"
"0.3",0.4,0.821006042806703,0.3,12386,2.56414041155134,1.99727290921771,"yes","yes"
"0.3",0.41,0.821062685324764,0.3,12386,2.61905444103166,2.03990448547017,"yes","yes"
"0.3",0.42,0.821105075603366,0.3,12386,2.67413029642064,2.08268532447781,"yes","yes"
"0.3",0.43,0.821137175191094,0.3,12386,2.72936049089597,2.12560494675522,"yes","yes"
"0.3",0.44,0.821155612782251,0.3,12386,2.78473889396824,2.16865597984471,"yes","yes"
"0.3",0.45,0.821161126374318,0.3,12387,2.84026086293555,2.21183071148553,"yes","yes"
"0.4",0.01,0.0181765212967888,0.4,0,0.770650320399412,0.769156058883459,"no","no"
"0.4",0.02,0.0186058641533388,0.4,62,0.779057823021932,0.773281818437485,"no","no"
"0.4",0.03,0.0190980330321802,0.4,70,0.792479221209415,0.780102821740966,"no","no"
"0.4",0.04,0.0196353213509411,0.4,76,0.810233555163995,0.789549836368074,"no","no"
"0.4",0.05,0.020266913835439,0.4,315,0.831622534154305,0.801531027392836,"no","no"
"0.4",0.06,0.0210676114354001,0.4,322,0.856007396841221,0.815935817514276,"no","no"
"0.4",0.07,0.0224563083898283,0.4,733,0.88287315794269,0.832639651522093,"no","no"
"0.4",0.08,0.0242535744499986,0.4,1072,0.911802783720467,0.851509007840383,"no","no"
"0.4",0.09,0.0271778067056155,0.4,1424,0.942488036849173,0.872405346435265,"no","no"
"0.4",0.1,0.0337657744503276,0.4,2238,0.974812794749225,0.895193774451001,"no","no"
"0.4",0.11,0.0719240636546591,0.4,1622,1.0101558124362,0.919740782806028,"no","no"
"0.4",0.12,0.118201671605833,0.4,6909,1.04844330031539,0.945904723225239,"no","no"
"0.4",0.13,0.393965197437133,0.4,12531,1.11802022794975,0.973561562813472,"yes","no"
"0.4",0.14,0.542088734571634,0.4,12432,1.1956987006601,1.0025919617632,"yes","yes"
"0.4",0.15,0.638465563862042,0.4,12418,1.262698842938,1.03288292582847,"yes","yes"
"0.4",0.16,0.702808721399008,0.4,12410,1.32789191842525,1.06432760116345,"yes","yes"
"0.4",0.17,0.742954363897094,0.4,12404,1.3887844149871,1.09682414718205,"yes","yes"
"0.4",0.18,0.767855248685591,0.4,12400,1.44558319551706,1.13027660947927,"yes","yes"
"0.4",0.19,0.783772434601772,0.4,12397,1.49974471404063,1.16459555762042,"yes","yes"
"0.4",0.2,0.794340133029193,0.4,12395,1.5524508122677,1.19969976732801,"yes","yes"
"0.4",0.21,0.801582672928672,0.4,12393,1.60443584904633,1.23551741007015,"yes","yes"
"0.4",0.22,0.806673987489764,0.4,12392,1.65611873575232,1.27198593493271,"yes","yes"
"0.4",0.23,0.810320699499604,0.4,12391,1.70773514695756,1.30905117445867,"yes","yes"
"0.4",0.24,0.812979911263363,0.4,12390,1.75941813420002,1.34666546412739,"yes","yes"
"0.4",0.25,0.814952894165831,0.4,12389,1.81124576022161,1.38478588452287,"yes","yes"
"0.4",0.26,0.81643296607047,0.4,12388,1.86326462677767,1.42337363747462,"yes","yes"
"0.4",0.27,0.817559843096785,0.4,12387,1.9155002636498,1.46239311386974,"yes","yes"
"0.4",0.28,0.818423280421702,0.4,12386,1.96796687292146,1.50181197638413,"yes","yes"
"0.4",0.29,0.819094969588598,0.4,12386,2.02066875781401,1.54160062091384,"yes","yes"
"0.4",0.3,0.819618781061336,0.4,12385,2.07360624853828,1.58173099971548,"yes","yes"
"0.4",0.31,0.820029965444468,0.4,12385,2.12677503403491,1.62217866941666,"yes","yes"
"0.4",0.32,0.820349211007261,0.4,12385,2.18017036617528,1.66292043862382,"yes","yes"
"0.4",0.33,0.820606410089796,0.4,12385,2.23378406294256,1.70393559778201,"yes","yes"
"0.4",0.34,0.82080606980337,0.4,12385,2.28761005861789,1.74520480135393,"yes","yes"
"0.4",0.35,0.820960167165263,0.4,12384,2.34164004151007,1.78671069146476,"yes","yes"
"0.4",0.36,0.821084329387598,0.4,12384,2.39586644720354,1.82843716602574,"yes","yes"
"0.4",0.37,0.821178095845715,0.4,12385,2.45028210143687,1.87036978833493,"yes","yes"
"0.4",0.38,0.82124623922685,0.4,12385,2.50487902828158,1.91249423857766,"yes","yes"
"0.4",0.39,0.821296693816816,0.4,12385,2.55965090841715,1.95479927481554,"yes","yes"
"0.4",0.4,0.82133500236918,0.4,12385,2.61459060000567,1.99727290921771,"yes","yes"
"0.4",0.41,0.821356215584738,0.4,12385,2.66969202638327,2.03990448547017,"yes","yes"
"0.4",0.42,0.821366268042976,0.4,12385,2.72494785776123,2.08268532447781,"yes","yes"
"0.4",0.43,0.821366625241393,0.4,12386,2.78035271263139,2.12560494675522,"yes","yes"
"0.4",0.44,0.821362515392495,0.4,12386,2.83590117355172,2.16865597984471,"yes","yes"
"0.4",0.45,0.821350411730367,0.4,12386,2.891587284228,2.21183071148553,"yes","yes"
"0.5",0.01,0.0182510447804059,0.5,0,0.771700140728561,0.769156058883459,"no","no"
"0.5",0.02,0.0187984733183079,0.5,62,0.782926945998117,0.773281818437485,"no","no"
"0.5",0.03,0.0193443387527116,0.5,70,0.800224079404003,0.780102821740966,"no","no"
"0.5",0.04,0.0200539273083657,0.5,313,0.822222681698125,0.789549836368074,"no","no"
"0.5",0.05,0.0208649115445412,0.5,726,0.847765679193167,0.801531027392836,"no","no"
"0.5",0.06,0.0220837241924352,0.5,1066,0.875997862907561,0.815935817514276,"no","no"
"0.5",0.07,0.0241542666707272,0.5,1409,0.906318393883173,0.832639651522093,"no","no"
"0.5",0.08,0.0282727601288246,0.5,2219,0.938369834928388,0.851509007840383,"no","no"
"0.5",0.09,0.0642752010155026,0.5,1627,0.973122022051762,0.872405346435265,"no","no"
"0.5",0.1,0.0861293149579631,0.5,4696,1.00909283802104,0.895193774451001,"no","no"
"0.5",0.11,0.344282938647626,0.5,12531,1.06897764185057,0.919740782806028,"yes","no"
"0.5",0.12,0.499668835420339,0.5,12433,1.14150284061104,0.945904723225239,"yes","no"
"0.5",0.13,0.609179930639465,0.5,12417,1.20777039071044,0.973561562813472,"yes","no"
"0.5",0.14,0.68472149047702,0.5,12409,1.27326792798302,1.0025919617632,"yes","yes"
"0.5",0.15,0.731381509709575,0.5,12403,1.33456714120709,1.03288292582847,"yes","yes"
"0.5",0.16,0.760109207128724,0.5,12398,1.39151749818036,1.06432760116345,"yes","yes"
"0.5",0.17,0.77840370478805,0.5,12395,1.44563009450403,1.09682414718205,"yes","yes"
"0.5",0.18,0.790571752127394,0.5,12393,1.49819191524168,1.13027660947927,"yes","yes"
"0.5",0.19,0.798967347652879,0.5,12392,1.54999823286643,1.16459555762042,"yes","yes"
"0.5",0.2,0.804907271623854,0.5,12390,1.60149397953224,1.19969976732801,"yes","yes"
"0.5",0.21,0.809185056174655,0.5,12389,1.65292530038452,1.23551741007015,"yes","yes"
"0.5",0.22,0.812299858246547,0.5,12388,1.7044270283797,1.27198593493271,"yes","yes"
"0.5",0.23,0.814594214826748,0.5,12387,1.75607481944386,1.30905117445867,"yes","yes"
"0.5",0.24,0.816292727642783,0.5,12386,1.80791283695235,1.34666546412739,"yes","yes"
"0.5",0.25,0.817570420103538,0.5,12385,1.85996595494799,1.38478588452287,"yes","yes"
"0.5",0.26,0.81853579818727,0.5,12385,1.91225058828939,1.42337363747462,"yes","yes"
"0.5",0.27,0.819270801410873,0.5,12384,1.96477260227355,1.46239311386974,"yes","yes"
"0.5",0.28,0.819829392012159,0.5,12384,2.01753371371814,1.50181197638413,"yes","yes"
"0.5",0.29,0.820265698019675,0.5,12384,2.07053128814525,1.54160062091384,"yes","yes"
"0.5",0.3,0.820597301601829,0.5,12384,2.12376091159406,1.58173099971548,"yes","yes"
"0.5",0.31,0.820858901875116,0.5,12383,2.17721673735227,1.62217866941666,"yes","yes"
"0.5",0.32,0.821055942842797,0.5,12383,2.23089104800704,1.66292043862382,"yes","yes"
"0.5",0.33,0.821208389421959,0.5,12383,2.28477661645509,1.70393559778201,"yes","yes"
"0.5",0.34,0.821327300501877,0.5,12384,2.33886646146425,1.74520480135393,"yes","yes"
"0.5",0.35,0.821409290404135,0.5,12384,2.39315201118486,1.78671069146476,"yes","yes"
"0.5",0.36,0.821469472331817,0.5,12384,2.44762602447145,1.82843716602574,"yes","yes"
"0.5",0.37,0.821512950790265,0.5,12384,2.50228236886461,1.87036978833493,"yes","yes"
"0.5",0.38,0.821539080778043,0.5,12384,2.55711293398705,1.91249423857766,"yes","yes"
"0.5",0.39,0.821549383430732,0.5,12385,2.61211180915573,1.95479927481554,"yes","yes"
"0.5",0.4,0.821553551612707,0.5,12385,2.66727168506812,1.99727290921771,"yes","yes"
"0.5",0.41,0.821544358112458,0.5,12385,2.7225871932029,2.03990448547017,"yes","yes"
"0.5",0.42,0.821527779063779,0.5,12386,2.77805097582694,2.08268532447781,"yes","yes"
"0.5",0.43,0.821504955115468,0.5,12386,2.8336584215975,2.12560494675522,"yes","yes"
"0.5",0.44,0.821478892444648,0.5,12386,2.88940355132348,2.16865597984471,"yes","yes"
"0.5",0.45,0.821446755201359,0.5,12387,2.9452817073819,2.21183071148553,"yes","yes"
"0.6",0.01,0.0183962896782558,0.6,0,0.773912189654186,0.769156058883459,"no","no"
"0.6",0.02,0.0190658950110772,0.6,62,0.790389978702238,0.773281818437485,"no","no"
"0.6",0.03,0.0197532941445942,0.6,305,0.813725709199824,0.780102821740966,"no","no"
"0.6",0.04,0.0207027916785911,0.6,726,0.841297296668747,0.789549836368074,"no","no"
"0.6",0.05,0.0220631215884964,0.6,1070,0.871589423729669,0.801531027392836,"no","no"
"0.6",0.06,0.0246110254038308,0.6,1803,0.903783871013115,0.815935817514276,"no","no"
"0.6",0.07,0.0312746234309889,0.6,2932,0.93751496872317,0.832639651522093,"no","no"
"0.6",0.08,0.0695278678505484,0.6,3963,0.973734001190085,0.851509007840383,"no","no"
"0.6",0.09,0.192084797859366,0.6,9641,1.01529336922425,0.872405346435265,"no","no"
"0.6",0.1,0.418879575542581,0.6,12440,1.08582981540497,0.895193774451001,"yes","no"
"0.6",0.11,0.558128909979306,0.6,12419,1.15150706576506,0.919740782806028,"yes","no"
"0.6",0.12,0.653429325040064,0.6,12409,1.21810365581129,0.945904723225239,"yes","no"
"0.6",0.13,0.712418836968631,0.6,12402,1.28052385105224,0.973561562813472,"yes","no"
"0.6",0.14,0.747885370154401,0.6,12397,1.3382814062504,1.0025919617632,"yes","yes"
"0.6",0.15,0.770124223228427,0.6,12394,1.39276788228556,1.03288292582847,"yes","yes"
"0.6",0.16,0.784765636776381,0.6,12391,1.44545200646278,1.06432760116345,"yes","yes"
"0.6",0.17,0.794818745318194,0.6,12390,1.49726201243962,1.09682414718205,"yes","yes"
"0.6",0.18,0.801953208818605,0.6,12388,1.54869677888933,1.13027660947927,"yes","yes"
"0.6",0.19,0.80711703866025,0.6,12387,1.6000352467482,1.16459555762042,"yes","yes"
"0.6",0.2,0.810910038425741,0.6,12386,1.6514285871885,1.19969976732801,"yes","yes"
"0.6",0.21,0.813712622826787,0.6,12385,1.70296018707449,1.23551741007015,"yes","yes"
"0.6",0.22,0.815783657745777,0.6,12384,1.75467464618538,1.27198593493271,"yes","yes"
"0.6",0.23,0.8173187314328,0.6,12384,1.8065976140412,1.30905117445867,"yes","yes"
"0.6",0.24,0.818460764883192,0.6,12383,1.85874422548583,1.34666546412739,"yes","yes"
"0.6",0.25,0.819312376575699,0.6,12383,1.91112321229364,1.38478588452287,"yes","yes"
"0.6",0.26,0.819951400205752,0.6,12383,1.96373881984082,1.42337363747462,"yes","yes"
"0.6",0.27,0.820428975352444,0.6,12383,2.01659119408261,1.46239311386974,"yes","yes"
"0.6",0.28,0.820789747565896,0.6,12383,2.06967833647002,1.50181197638413,"yes","yes"
"0.6",0.29,0.821063791671621,0.6,12383,2.12299594180281,1.54160062091384,"yes","yes"
"0.6",0.3,0.82126399107238,0.6,12383,2.17653785020909,1.58173099971548,"yes","yes"
"0.6",0.31,0.821415309497956,0.6,12383,2.23029801990316,1.62217866941666,"yes","yes"
"0.6",0.32,0.821524817361029,0.6,12383,2.28426833231095,1.66292043862382,"yes","yes"
"0.6",0.33,0.821602654660029,0.6,12383,2.33844260092763,1.70393559778201,"yes","yes"
"0.6",0.34,0.821654244496934,0.6,12384,2.39281295969789,1.74520480135393,"yes","yes"
"0.6",0.35,0.821682976137211,0.6,12384,2.44737219147737,1.78671069146476,"yes","yes"
"0.6",0.36,0.821696231697516,0.6,12384,2.5021128146437,1.82843716602574,"yes","yes"
"0.6",0.37,0.821697317363844,0.6,12385,2.55702925492518,1.87036978833493,"yes","yes"
"0.6",0.38,0.821687580988324,0.6,12385,2.6121136153933,1.91249423857766,"yes","yes"
"0.6",0.39,0.821669007645327,0.6,12385,2.66736002034289,1.95479927481554,"yes","yes"
"0.6",0.4,0.821641005228182,0.6,12386,2.72276237040701,1.99727290921771,"yes","yes"
"0.6",0.41,0.821605686885498,0.6,12386,2.7783132238197,2.03990448547017,"yes","yes"
"0.6",0.42,0.821566550684269,0.6,12386,2.83400758185552,2.08268532447781,"yes","yes"
"0.6",0.43,0.821523572000656,0.6,12387,2.88984120589699,2.12560494675522,"yes","yes"
"0.6",0.44,0.821478179758281,0.6,12387,2.94580826585169,2.16865597984471,"yes","yes"
"0.6",0.45,0.821428342425545,0.6,12388,3.00190493841176,2.21183071148553,"yes","yes"
"0.7444736",0.01,0.018768923187043,0.7444736,0,0.790934289572208,0.769156058883459,"no","no"
"0.7444736",0.02,0.0199375947319307,0.7444736,62,0.823388157718042,0.773281818437485,"no","no"
"0.7444736",0.03,0.0214225608842887,0.7444736,1065,0.857139726858446,0.780102821740966,"no","no"
"0.7444736",0.04,0.0242061591364089,0.7444736,2219,0.89170213728972,0.789549836368074,"no","no"
"0.7444736",0.05,0.0300770472970498,0.7444736,2931,0.927016062616759,0.801531027392836,"no","no"
"0.7444736",0.06,0.0508329686210356,0.7444736,6898,0.96342774344481,0.815935817514276,"no","no"
"0.7444736",0.07,0.209670222980397,0.7444736,12418,1.0073204404661,0.832639651522093,"yes","no"
"0.7444736",0.08,0.410237203202594,0.7444736,12426,1.06809667552289,0.851509007840383,"yes","no"
"0.7444736",0.09,0.56160442222145,0.7444736,12411,1.13287436119612,0.872405346435265,"yes","no"
"0.7444736",0.1,0.658826564853208,0.7444736,12401,1.19883993776565,0.895193774451001,"yes","no"
"0.7444736",0.11,0.716244461515435,0.7444736,12395,1.25891938449511,0.919740782806028,"yes","no"
"0.7444736",0.12,0.749349211317018,0.7444736,12391,1.31464891655563,0.945904723225239,"yes","no"
"0.7444736",0.13,0.770313581469415,0.7444736,12389,1.36792952617451,0.973561562813472,"yes","no"
"0.7444736",0.14,0.784420037432885,0.7444736,12387,1.41997462965719,1.0025919617632,"yes","yes"
"0.7444736",0.15,0.794287020026206,0.7444736,12386,1.47149337471793,1.03288292582847,"yes","yes"
"0.7444736",0.16,0.801396273423469,0.7444736,12385,1.52282564397002,1.06432760116345,"yes","yes"
"0.7444736",0.17,0.806629101238732,0.7444736,12384,1.57414420733089,1.09682414718205,"yes","yes"
"0.7444736",0.18,0.810544399919945,0.7444736,12383,1.62555808924461,1.13027660947927,"yes","yes"
"0.7444736",0.19,0.813505757897806,0.7444736,12382,1.67712827709145,1.16459555762042,"yes","yes"
"0.7444736",0.2,0.815746718678546,0.7444736,12382,1.72889069506009,1.19969976732801,"yes","yes"
"0.7444736",0.21,0.817424010048258,0.7444736,12382,1.78086582622551,1.23551741007015,"yes","yes"
"0.7444736",0.22,0.818673521950733,0.7444736,12382,1.83306449858323,1.27198593493271,"yes","yes"
"0.7444736",0.23,0.819590341748995,0.7444736,12382,1.88549275949397,1.30905117445867,"yes","yes"
"0.7444736",0.24,0.820257812019278,0.7444736,12382,1.93815374068753,1.34666546412739,"yes","yes"
"0.7444736",0.25,0.820743496019783,0.7444736,12382,1.99104884157111,1.38478588452287,"yes","yes"
"0.7444736",0.26,0.821091252704262,0.7444736,12382,2.04417763733513,1.42337363747462,"yes","yes"
"0.7444736",0.27,0.821337908658871,0.7444736,12383,2.09753750850706,1.46239311386974,"yes","yes"
"0.7444736",0.28,0.821513304952319,0.7444736,12383,2.15112440434066,1.50181197638413,"yes","yes"
"0.7444736",0.29,0.821633181622724,0.7444736,12383,2.20493350359287,1.54160062091384,"yes","yes"
"0.7444736",0.3,0.821705579605704,0.7444736,12384,2.25895823933829,1.58173099971548,"yes","yes"
"0.7444736",0.31,0.82174676293315,0.7444736,12384,2.3131922915506,1.62217866941666,"yes","yes"
"0.7444736",0.32,0.821763821550615,0.7444736,12385,2.36762860202513,1.66292043862382,"yes","yes"
"0.7444736",0.33,0.821761251705946,0.7444736,12385,2.42226129388505,1.70393559778201,"yes","yes"
"0.7444736",0.34,0.821743137211349,0.7444736,12385,2.47708254081343,1.74520480135393,"yes","yes"
"0.7444736",0.35,0.821712625518787,0.7444736,12386,2.53208667137719,1.78671069146476,"yes","yes"
"0.7444736",0.36,0.821673129123698,0.7444736,12386,2.58726462780872,1.82843716602574,"yes","yes"
"0.7444736",0.37,0.821626614520374,0.7444736,12387,2.6426087405257,1.87036978833493,"yes","yes"
"0.7444736",0.38,0.821571993775891,0.7444736,12387,2.69811430083549,1.91249423857766,"yes","yes"
"0.7444736",0.39,0.821510794329311,0.7444736,12388,2.75377589370817,1.95479927481554,"yes","yes"
"0.7444736",0.4,0.821447692046396,0.7444736,12388,2.80958808369267,1.99727290921771,"yes","yes"
"0.7444736",0.41,0.821379138766573,0.7444736,12389,2.86554651469872,2.03990448547017,"yes","yes"
"0.7444736",0.42,0.821310390619725,0.7444736,12389,2.92164563884013,2.08268532447781,"yes","yes"
"0.7444736",0.43,0.821240644562158,0.7444736,12390,2.9778807343051,2.12560494675522,"yes","yes"
"0.7444736",0.44,0.821170121811157,0.7444736,12390,3.03424614345279,2.16865597984471,"yes","yes"
"0.7444736",0.45,0.821097135117884,0.7444736,12391,3.09073654476804,2.21183071148553,"yes","yes"
"0.8",0.01,0.0191441330888906,0.8,0,0.820685301421917,0.769156058883459,"no","no"
"0.8",0.02,0.0207746472980165,0.8,62,0.852597847660423,0.773281818437485,"no","no"
"0.8",0.03,0.0232132390530205,0.8,1413,0.886304908780885,0.780102821740966,"no","no"
"0.8",0.04,0.0284561962209634,0.8,2927,0.920988465944494,0.789549836368074,"no","no"
"0.8",0.05,0.044037460499194,0.8,6574,0.956664671353725,0.801531027392836,"no","no"
"0.8",0.06,0.168604903195783,0.8,12413,0.99761586805568,0.815935817514276,"yes","no"
"0.8",0.07,0.362024819151218,0.8,12427,1.05158748411173,0.832639651522093,"yes","no"
"0.8",0.08,0.535797246215067,0.8,12410,1.11371824567898,0.851509007840383,"yes","no"
"0.8",0.09,0.641844028201071,0.8,12399,1.17894154561382,0.872405346435265,"yes","no"
"0.8",0.1,0.704959041942459,0.8,12393,1.23938056450342,0.895193774451001,"yes","no"
"0.8",0.11,0.742614786955344,0.8,12390,1.2949458281312,0.919740782806028,"yes","no"
"0.8",0.12,0.76547205814396,0.8,12387,1.3482097752686,0.945904723225239,"yes","no"
"0.8",0.13,0.780775915962496,0.8,12386,1.40024343849942,0.973561562813472,"yes","no"
"0.8",0.14,0.791490548925555,0.8,12384,1.45174285985602,1.0025919617632,"yes","yes"
"0.8",0.15,0.799214369909016,0.8,12383,1.50307517027602,1.03288292582847,"yes","yes"
"0.8",0.16,0.804901286022259,0.8,12383,1.55439682376331,1.06432760116345,"yes","yes"
"0.8",0.17,0.809165830986502,0.8,12382,1.60580274363545,1.09682414718205,"yes","yes"
"0.8",0.18,0.812409232293404,0.8,12381,1.65735840666148,1.13027660947927,"yes","yes"
"0.8",0.19,0.814894587425265,0.8,12381,1.70910055405079,1.16459555762042,"yes","yes"
"0.8",0.2,0.816788692614444,0.8,12381,1.76105416311392,1.19969976732801,"yes","yes"
"0.8",0.21,0.818215847798006,0.8,12381,1.81323190690868,1.23551741007015,"yes","yes"
"0.8",0.22,0.81926993463051,0.8,12382,1.86564043684511,1.27198593493271,"yes","yes"
"0.8",0.23,0.820040557735267,0.8,12382,1.91828267642454,1.30905117445867,"yes","yes"
"0.8",0.24,0.820593882127003,0.8,12382,1.97115939090774,1.34666546412739,"yes","yes"
"0.8",0.25,0.820988454779561,0.8,12383,2.0242708054873,1.38478588452287,"yes","yes"
"0.8",0.26,0.821261282135409,0.8,12383,2.07761553563556,1.42337363747462,"yes","yes"
"0.8",0.27,0.821449344068263,0.8,12383,2.13119032707381,1.46239311386974,"yes","yes"
"0.8",0.28,0.821571636350043,0.8,12384,2.18499115284945,1.50181197638413,"yes","yes"
"0.8",0.29,0.821645227292778,0.8,12384,2.23901236448198,1.54160062091384,"yes","yes"
"0.8",0.3,0.821683870591894,0.8,12385,2.29324797915407,1.58173099971548,"yes","yes"
"0.8",0.31,0.82169554259687,0.8,12385,2.34769130147951,1.62217866941666,"yes","yes"
"0.8",0.32,0.821684180504412,0.8,12386,2.4023360199764,1.66292043862382,"yes","yes"
"0.8",0.33,0.821655476425832,0.8,12387,2.45717623592712,1.70393559778201,"yes","yes"
"0.8",0.34,0.821614236364557,0.8,12387,2.51220374748163,1.74520480135393,"yes","yes"
"0.8",0.35,0.821563097273712,0.8,12388,2.5674080402718,1.78671069146476,"yes","yes"
"0.8",0.36,0.821502370955879,0.8,12388,2.62278562021588,1.82843716602574,"yes","yes"
"0.8",0.37,0.82144009858725,0.8,12389,2.6783297732875,1.87036978833493,"yes","yes"
"0.8",0.38,0.821371517046166,0.8,12389,2.73403648998153,1.91249423857766,"yes","yes"
"0.8",0.39,0.82129878120867,0.8,12390,2.7898997592747,1.95479927481554,"yes","yes"
"0.8",0.4,0.821224316118639,0.8,12390,2.84591197306839,1.99727290921771,"yes","yes"
"0.8",0.41,0.821146517297236,0.8,12391,2.90206682739422,2.03990448547017,"yes","yes"
"0.8",0.42,0.821067698661199,0.8,12391,2.95836044037704,2.08268532447781,"yes","yes"
"0.8",0.43,0.820984872046207,0.8,12392,3.01478806293262,2.12560494675522,"yes","yes"
"0.8",0.44,0.820902117601388,0.8,12392,3.07134587621887,2.16865597984471,"yes","yes"
"0.8",0.45,0.820819325092311,0.8,12393,3.12802909067751,2.21183071148553,"yes","yes"
"0.9",0.01,0.0209654319360988,0.9,0,0.908175092002982,0.769156058883459,"no","no"
"0.9",0.02,0.0251956028550564,0.9,1409,0.928838832142795,0.773281818437485,"no","no"
"0.9",0.03,0.0349719664860688,0.9,5495,0.956316890488147,0.780102821740966,"no","no"
"0.9",0.04,0.0763441235312901,0.9,12404,0.988050153442906,0.789549836368074,"yes","no"
"0.9",0.05,0.245139877124898,0.9,12428,1.02858753795947,0.801531027392836,"yes","no"
"0.9",0.06,0.432260744887791,0.9,12412,1.07840627703639,0.815935817514276,"yes","no"
"0.9",0.07,0.585926483727314,0.9,12397,1.13783339105184,0.832639651522093,"yes","no"
"0.9",0.08,0.670567666545266,0.9,12390,1.19747309607555,0.851509007840383,"yes","no"
"0.9",0.09,0.717668288074605,0.9,12386,1.25349855566988,0.872405346435265,"yes","no"
"0.9",0.1,0.748698524157654,0.9,12384,1.30644082558345,0.895193774451001,"yes","no"
"0.9",0.11,0.768657526477756,0.9,12383,1.35860110730886,0.919740782806028,"yes","no"
"0.9",0.12,0.782195939878663,0.9,12382,1.41012738677974,0.945904723225239,"yes","no"
"0.9",0.13,0.791955811418427,0.9,12381,1.46141872999571,0.973561562813472,"yes","no"
"0.9",0.14,0.799165503784648,0.9,12381,1.51271923109885,1.0025919617632,"yes","yes"
"0.9",0.15,0.804567883280125,0.9,12381,1.56411074915861,1.03288292582847,"yes","yes"
"0.9",0.16,0.80867567831176,0.9,12381,1.61563897759413,1.06432760116345,"yes","yes"
"0.9",0.17,0.811845560950966,0.9,12381,1.66734304276726,1.09682414718205,"yes","yes"
"0.9",0.18,0.814318675572656,0.9,12382,1.7192515866652,1.13027660947927,"yes","yes"
"0.9",0.19,0.816251245215542,0.9,12383,1.77138445413144,1.16459555762042,"yes","yes"
"0.9",0.2,0.817741193112019,0.9,12383,1.82375533478751,1.19969976732801,"yes","yes"
"0.9",0.21,0.818861249601181,0.9,12384,1.87636991852065,1.23551741007015,"yes","yes"
"0.9",0.22,0.819677403205274,0.9,12384,1.92922888590503,1.27198593493271,"yes","yes"
"0.9",0.23,0.820259462481758,0.9,12385,1.98233128050507,1.30905117445867,"yes","yes"
"0.9",0.24,0.820661745601863,0.9,12386,2.03567470028385,1.34666546412739,"yes","yes"
"0.9",0.25,0.820930949132956,0.9,12387,2.08925672058626,1.38478588452287,"yes","yes"
"0.9",0.26,0.821106192221527,0.9,12387,2.14307431556367,1.42337363747462,"yes","yes"
"0.9",0.27,0.821205401319583,0.9,12388,2.19712386830389,1.46239311386974,"yes","yes"
"0.9",0.28,0.821252287832752,0.9,12389,2.25140106082361,1.50181197638413,"yes","yes"
"0.9",0.29,0.821262574455436,0.9,12389,2.30589999533665,1.54160062091384,"yes","yes"
"0.9",0.3,0.821241822875655,0.9,12390,2.36061825757954,1.58173099971548,"yes","yes"
"0.9",0.31,0.821202087974327,0.9,12391,2.41554775105983,1.62217866941666,"yes","yes"
"0.9",0.32,0.821146763525214,0.9,12391,2.47066990730633,1.66292043862382,"yes","yes"
"0.9",0.33,0.821078314408887,0.9,12392,2.52598313825482,1.70393559778201,"yes","yes"
"0.9",0.34,0.821001379886247,0.9,12392,2.58148144419986,1.74520480135393,"yes","yes"
"0.9",0.35,0.820919010867611,0.9,12393,2.6371588693073,1.78671069146476,"yes","yes"
"0.9",0.36,0.820829514575687,0.9,12394,2.69300945223583,1.82843716602574,"yes","yes"
"0.9",0.37,0.820737648009442,0.9,12394,2.74902678583162,1.87036978833493,"yes","yes"
"0.9",0.38,0.820643132923615,0.9,12395,2.80520582166312,1.91249423857766,"yes","yes"
"0.9",0.39,0.820546161493014,0.9,12395,2.8615414003184,1.95479927481554,"yes","yes"
"0.9",0.4,0.820449264858294,0.9,12396,2.91802694109235,1.99727290921771,"yes","yes"
"0.9",0.41,0.820350514977709,0.9,12396,2.97465668043561,2.03990448547017,"yes","yes"
"0.9",0.42,0.820252876978728,0.9,12397,3.03142648524545,2.08268532447781,"yes","yes"
"0.9",0.43,0.82015521560835,0.9,12397,3.08833114602117,2.12560494675522,"yes","yes"
"0.9",0.44,0.820058153341248,0.9,12398,3.14536681793584,2.16865597984471,"yes","yes"
"0.9",0.45,0.819959738630415,0.9,12398,3.20252822584148,2.21183071148553,"yes","yes"
"0.99",0.01,0.0292260560984754,0.99,0,0.995266364935334,0.769156058883459,"no","no"
"0.99",0.02,0.053516149042148,0.99,12397,1.0100422109822,0.773281818437485,"yes","no"
"0.99",0.03,0.16259477919722,0.99,12416,1.03323253735136,0.780102821740966,"yes","no"
"0.99",0.04,0.299180031483366,0.99,12419,1.06556143452326,0.789549836368074,"yes","no"
"0.99",0.05,0.484586514746421,0.99,12397,1.10878151742901,0.801531027392836,"yes","no"
"0.99",0.06,0.610776443371955,0.99,12386,1.16041102473784,0.815935817514276,"yes","no"
"0.99",0.07,0.680974364726761,0.99,12382,1.21375055767058,0.832639651522093,"yes","no"
"0.99",0.08,0.72020464735275,0.99,12381,1.26614709803883,0.851509007840383,"yes","no"
"0.99",0.09,0.747033838186984,0.99,12380,1.31730444275668,0.872405346435265,"yes","no"
"0.99",0.1,0.765921052423011,0.99,12381,1.36851356214363,0.895193774451001,"yes","no"
"0.99",0.11,0.779495106642535,0.99,12382,1.41979195215965,0.919740782806028,"yes","no"
"0.99",0.12,0.789303157649582,0.99,12383,1.47099399809477,0.945904723225239,"yes","no"
"0.99",0.13,0.796676053761818,0.99,12385,1.52232009948389,0.973561562813472,"yes","no"
"0.99",0.14,0.802298222033515,0.99,12386,1.57384696630664,1.0025919617632,"yes","yes"
"0.99",0.15,0.80660557422536,0.99,12387,1.62557807700986,1.03288292582847,"yes","yes"
"0.99",0.16,0.80994150521512,0.99,12389,1.67752420899865,1.06432760116345,"yes","yes"
"0.99",0.17,0.812560898747099,0.99,12390,1.72969842350187,1.09682414718205,"yes","yes"
"0.99",0.18,0.814638253321923,0.99,12391,1.78211413917379,1.13027660947927,"yes","yes"
"0.99",0.19,0.816274586244696,0.99,12392,1.83478568221424,1.16459555762042,"yes","yes"
"0.99",0.2,0.817537651123206,0.99,12393,1.8877208305345,1.19969976732801,"yes","yes"
"0.99",0.21,0.818482777780812,0.99,12394,1.94092053442591,1.23551741007015,"yes","yes"
"0.99",0.22,0.819158939985572,0.99,12395,1.99438241526529,1.27198593493271,"yes","yes"
"0.99",0.23,0.819623989411729,0.99,12396,2.04810383948292,1.30905117445867,"yes","yes"
"0.99",0.24,0.819927818048309,0.99,12397,2.10207483740485,1.34666546412739,"yes","yes"
"0.99",0.25,0.820111362879287,0.99,12397,2.15629277113464,1.38478588452287,"yes","yes"
"0.99",0.26,0.820212946483918,0.99,12398,2.21075502004514,1.42337363747462,"yes","yes"
"0.99",0.27,0.820253835938731,0.99,12399,2.26545596578942,1.46239311386974,"yes","yes"
"0.99",0.28,0.820247919402325,0.99,12400,2.32039770631597,1.50181197638413,"yes","yes"
"0.99",0.29,0.820211664120616,0.99,12400,2.37555557158072,1.54160062091384,"yes","yes"
"0.99",0.3,0.820151536741604,0.99,12401,2.43092851824382,1.58173099971548,"yes","yes"
"0.99",0.31,0.820074285321507,0.99,12402,2.48651030501608,1.62217866941666,"yes","yes"
"0.99",0.32,0.819984150196178,0.99,12402,2.54229499469016,1.66292043862382,"yes","yes"
"0.99",0.33,0.819886271276196,0.99,12403,2.5982759174619,1.70393559778201,"yes","yes"
"0.99",0.34,0.819780987922524,0.99,12403,2.65444535274342,1.74520480135393,"yes","yes"
"0.99",0.35,0.819671393145612,0.99,12404,2.71079617803173,1.78671069146476,"yes","yes"
"0.99",0.36,0.819559200224221,0.99,12405,2.76732354934918,1.82843716602574,"yes","yes"
"0.99",0.37,0.819446020527809,0.99,12405,2.82401880970714,1.87036978833493,"yes","yes"
"0.99",0.38,0.819332928339388,0.99,12406,2.88087579303835,1.91249423857766,"yes","yes"
"0.99",0.39,0.819218522969473,0.99,12406,2.93788846382859,1.95479927481554,"yes","yes"
"0.99",0.4,0.819105482829113,0.99,12407,2.99505260747875,1.99727290921771,"yes","yes"
"0.99",0.41,0.818991634959849,0.99,12407,3.05236306859972,2.03990448547017,"yes","yes"
"0.99",0.42,0.818879212565013,0.99,12407,3.10981429608918,2.08268532447781,"yes","yes"
"0.99",0.43,0.818766722063084,0.99,12408,3.16740071471946,2.12560494675522,"yes","yes"
"0.99",0.44,0.818656568865954,0.99,12408,3.22511915204761,2.16865597984471,"yes","yes"
"0.99",0.45,0.818546886854399,0.99,12409,3.28295881635923,2.21183071148553,"yes","yes"
