"q","biteA","Mean_Annual_Seroprevalence","R0_when_q0","param1","Persistence","mean_popn_R0","Persist_long","Persist_year"
"0",0.01,0.0178843006681837,0.722451859693402,0,0,0.722451859693402,"no","no"
"0",0.02,0.0180143826517247,0.724540522899575,0,0,0.724540522899575,"no","no"
"0",0.03,0.0181438603015917,0.728004631065874,0,0,0.728004631065874,"no","no"
"0",0.04,0.0182827964899191,0.732825146594599,0,60,0.732825146594599,"no","no"
"0",0.05,0.0184304166699295,0.73897555868539,0,65,0.73897555868539,"no","no"
"0",0.06,0.0185866737533851,0.746423119602634,0,69,0.746423119602634,"no","no"
"0",0.07,0.0187545952798935,0.755129812235721,0,73,0.755129812235721,"no","no"
"0",0.08,0.0189766805465279,0.765052739956296,0,77,0.765052739956296,"no","no"
"0",0.09,0.0191835103935797,0.776145617168594,0,80,0.776145617168594,"no","no"
"0",0.1,0.0194116226264039,0.788359308572485,0,84,0.788359308572485,"no","no"
"0",0.11,0.0196646221074561,0.801643097897471,0,88,0.801643097897471,"no","no"
"0",0.12,0.0200628372051143,0.815945036703529,0,91,0.815945036703529,"no","no"
"0",0.13,0.0205620678399701,0.831213167082112,0,95,0.831213167082112,"no","no"
"0",0.14,0.0211292729008779,0.847395777415818,0,98,0.847395777415818,"no","no"
"0",0.15,0.0217737254542166,0.864442165754515,0,102,0.864442165754515,"no","no"
"0",0.16,0.0225054770367955,0.882303289291038,0,105,0.882303289291038,"no","no"
"0",0.17,0.0233348559459473,0.90093141751557,0,108,0.90093141751557,"no","no"
"0",0.18,0.0242723158506639,0.920280770936715,0,112,0.920280770936715,"no","no"
"0",0.19,0.0257931982760548,0.940324453229364,0,116,0.940324453229364,"no","no"
"0",0.2,0.0273785820207881,0.961000848794107,0,119,0.961000848794107,"no","no"
"0",0.21,0.0289988592968943,0.982274876376277,0,122,0.982274876376277,"no","no"
"0",0.22,0.0307625550922354,1.00411126087694,0,124,1.00411126087694,"no","yes"
"0",0.23,0.0326691209700115,1.02647562694986,0,126,1.02647562694986,"no","yes"
"0",0.24,0.0346989304063095,1.04933546146558,0,128,1.04933546146558,"no","yes"
"0",0.25,0.0368168411581993,1.07265919314101,0,129,1.07265919314101,"no","yes"
"0",0.26,0.0389751031553552,1.09641712841973,0,129,1.09641712841973,"no","yes"
"0",0.27,0.0411164620521064,1.1205803954871,0,129,1.1205803954871,"no","yes"
"0",0.28,0.0431803145775241,1.14512174591402,0,129,1.14512174591402,"no","yes"
"0",0.29,0.0451090017546058,1.170015361714,0,128,1.170015361714,"no","yes"
"0",0.3,0.0468555788686428,1.19523645769521,0,126,1.19523645769521,"no","yes"
"0",0.31,0.0483878961105708,1.22076218998543,0,124,1.22076218998543,"no","yes"
"0",0.32,0.0496936409824348,1.24657220602298,0,122,1.24657220602298,"no","yes"
"0",0.33,0.0507761977521383,1.27264732238755,0,119,1.27264732238755,"no","yes"
"0",0.34,0.0516530694610731,1.29897098410439,0,117,1.29897098410439,"no","yes"
"0",0.35,0.0523500264821238,1.32552801765679,0,113,1.32552801765679,"no","yes"
"0",0.36,0.0528963046314296,1.35230507454283,0,110,1.35230507454283,"no","yes"
"0",0.37,0.0533213653307409,1.37928946696487,0,107,1.37928946696487,"no","yes"
"0",0.38,0.0536506603233597,1.40647006871096,0,104,1.40647006871096,"no","yes"
"0",0.39,0.0539062656373767,1.4338365665043,0,102,1.4338365665043,"no","yes"
"0",0.4,0.0541059712202747,1.4613788246518,0,99,1.4613788246518,"no","yes"
"0",0.41,0.0542641309302451,1.48908778118075,0,97,1.48908778118075,"no","yes"
"0",0.42,0.0543913828506611,1.51695463485094,0,94,1.51695463485094,"no","yes"
"0",0.43,0.0544943968152843,1.54497158036142,0,93,1.54497158036142,"no","yes"
"0",0.44,0.0545810440544772,1.57313017247125,0,91,1.57313017247125,"no","yes"
"0",0.45,0.0546536714411645,1.60142386834724,0,89,1.60142386834724,"no","yes"
"0.1",0.01,0.0178956379522746,0.722451859693402,0.1,0,0.722564506580104,"no","no"
"0.1",0.02,0.0180369823220655,0.724540522899575,0.1,0,0.724985956512982,"no","no"
"0.1",0.03,0.018177647901341,0.728004631065874,0.1,0,0.728994017156469,"no","no"
"0.1",0.04,0.0183285151424872,0.732825146594599,0.1,60,0.734555160050198,"no","no"
"0.1",0.05,0.018488713263348,0.73897555868539,0.1,65,0.741624272446999,"no","no"
"0.1",0.06,0.0186582018050335,0.746423119602634,0.1,69,0.75014649227212,"no","no"
"0.1",0.07,0.0188402380100815,0.755129812235721,0.1,73,0.760059794751986,"no","no"
"0.1",0.08,0.0190775447816026,0.765052739956296,0.1,77,0.771296633527142,"no","no"
"0.1",0.09,0.0193008836286421,0.776145617168594,0.1,80,0.78378633352731,"no","no"
"0.1",0.1,0.0195470357778723,0.788359308572485,0.1,84,0.79745675181516,"no","no"
"0.1",0.11,0.0198198433973807,0.801643097897471,0.1,88,0.812235659765801,"no","no"
"0.1",0.12,0.0202403466706164,0.815945036703529,0.1,91,0.828052196578679,"no","no"
"0.1",0.13,0.0207638056308933,0.831213167082112,0.1,95,0.844837906623456,"no","no"
"0.1",0.14,0.0213578761142541,0.847395777415818,0.1,98,0.862526979320231,"no","no"
"0.1",0.15,0.022032126182602,0.864442165754515,0.1,102,0.881057336802177,"no","no"
"0.1",0.16,0.0227968361050282,0.882303289291038,0.1,105,0.900370331653457,"no","no"
"0.1",0.17,0.0238908323479393,0.90093141751557,0.1,320,0.920433858535274,"no","no"
"0.1",0.18,0.0250309525585547,0.920280770936715,0.1,328,0.941167761953976,"no","no"
"0.1",0.19,0.0267515158126607,0.940324453229364,0.1,334,0.96255472274095,"no","no"
"0.1",0.2,0.0284550256489089,0.961000848794107,0.1,339,0.98452641382768,"no","no"
"0.1",0.21,0.0302709147105557,0.982274876376277,0.1,342,1.00704861650274,"no","no"
"0.1",0.22,0.0322383647258022,1.00411126087694,0.1,345,1.0300874033234,"no","yes"
"0.1",0.23,0.0343503836485668,1.02647562694986,0.1,348,1.05360914301641,"no","yes"
"0.1",0.24,0.0365792326393232,1.04933546146558,0.1,349,1.07758195320695,"no","yes"
"0.1",0.25,0.0388826556706337,1.07265919314101,0.1,350,1.10197527312043,"no","yes"
"0.1",0.26,0.0420517281454304,1.09641712841973,0.1,761,1.12687719548879,"no","yes"
"0.1",0.27,0.0456661405266886,1.1205803954871,0.1,821,1.15220953274336,"no","yes"
"0.1",0.28,0.0485136424744599,1.14512174591402,0.1,833,1.17781161502726,"no","yes"
"0.1",0.29,0.0512012666512885,1.170015361714,0.1,839,1.20373402182186,"no","yes"
"0.1",0.3,0.0545628530569215,1.19523645769521,0.1,843,1.23020546023013,"no","yes"
"0.1",0.31,0.0636120686543076,1.22076218998543,0.1,1215,1.25772949545833,"no","yes"
"0.1",0.32,0.0692143873370371,1.24657220602298,0.1,1210,1.28516937745666,"no","yes"
"0.1",0.33,0.0950722894160277,1.27264732238755,0.1,1609,1.31574178687045,"no","yes"
"0.1",0.34,0.105937600972398,1.29897098410439,0.1,1585,1.34542524348532,"no","yes"
"0.1",0.35,0.179719651125781,1.32552801765679,0.1,3786,1.38553949021035,"no","yes"
"0.1",0.36,0.415770106993617,1.35230507454283,0.1,8517,1.47545107155154,"no","yes"
"0.1",0.37,0.568415779045377,1.37928946696487,0.1,10350,1.56121548204553,"no","yes"
"0.1",0.38,0.740196815425124,1.40647006871096,0.1,12415,1.65993805832625,"yes","yes"
"0.1",0.39,0.763368724253438,1.4338365665043,0.1,12411,1.70652501971301,"yes","yes"
"0.1",0.4,0.778155126256224,1.4613788246518,0.1,12409,1.74961821962205,"yes","yes"
"0.1",0.41,0.78824350483615,1.48908778118075,0.1,12407,1.79063378213834,"yes","yes"
"0.1",0.42,0.795418412927875,1.51695463485094,0.1,12405,1.83035872826241,"yes","yes"
"0.1",0.43,0.800679708280814,1.54497158036142,0.1,12404,1.86924826890749,"yes","yes"
"0.1",0.44,0.804636822117656,1.57313017247125,0.1,12402,1.90759510949997,"yes","yes"
"0.1",0.45,0.80766269689058,1.60142386834724,0.1,12401,1.94559485663308,"yes","yes"
"0.2",0.01,0.0179100691024458,0.722451859693402,0.2,0,0.722719750478422,"no","no"
"0.2",0.02,0.0180657513554422,0.724540522899575,0.2,0,0.725598882833341,"no","no"
"0.2",0.03,0.0182206621229445,0.728004631065874,0.2,0,0.730348672395823,"no","no"
"0.2",0.04,0.0183867254301275,0.732825146594599,0.2,60,0.736907440522887,"no","no"
"0.2",0.05,0.0185629505191767,0.73897555868539,0.2,65,0.745194513502603,"no","no"
"0.2",0.06,0.0187493045040213,0.746423119602634,0.2,69,0.755115415611837,"no","no"
"0.2",0.07,0.0189493383832617,0.755129812235721,0.2,73,0.76656723994131,"no","no"
"0.2",0.08,0.0192060593585198,0.765052739956296,0.2,77,0.779443462748545,"no","no"
"0.2",0.09,0.0194504765127506,0.776145617168594,0.2,80,0.793637096579792,"no","no"
"0.2",0.1,0.0197196654998607,0.788359308572485,0.2,84,0.809044279101517,"no","no"
"0.2",0.11,0.0200177886757488,0.801643097897471,0.2,88,0.825566122197427,"no","no"
"0.2",0.12,0.0204666703402186,0.815945036703529,0.2,91,0.843109786687236,"no","no"
"0.2",0.13,0.0211537258389985,0.831213167082112,0.2,317,0.861602243679861,"no","no"
"0.2",0.14,0.0219064552928597,0.847395777415818,0.2,323,0.880948398012652,"no","no"
"0.2",0.15,0.0227587674525945,0.864442165754515,0.2,328,0.901082209296689,"no","no"
"0.2",0.16,0.0236904202909172,0.882303289291038,0.2,333,0.921939559964012,"no","no"
"0.2",0.17,0.0247500441851073,0.90093141751557,0.2,338,0.943463077062106,"no","no"
"0.2",0.18,0.0261836771161608,0.920280770936715,0.2,733,0.965623119412808,"no","no"
"0.2",0.19,0.0284440799060645,0.940324453229364,0.2,751,0.988391886416401,"no","no"
"0.2",0.2,0.030640133074607,0.961000848794107,0.2,759,1.01168312447803,"no","no"
"0.2",0.21,0.0338763680694095,0.982274876376277,0.2,1097,1.03555462404791,"no","no"
"0.2",0.22,0.0382450715928924,1.00411126087694,0.2,1106,1.06000418056842,"no","yes"
"0.2",0.23,0.0686045405932363,1.02647562694986,0.2,1624,1.08634585185136,"no","yes"
"0.2",0.24,0.073410599619003,1.04933546146558,0.2,1618,1.11223998734469,"no","yes"
"0.2",0.25,0.0797417668404032,1.07265919314101,0.2,1613,1.13857720985545,"no","yes"
"0.2",0.26,0.129459581178773,1.09641712841973,0.2,4407,1.16998723694745,"no","yes"
"0.2",0.27,0.244171455653237,1.1205803954871,0.2,7341,1.21349183089751,"no","yes"
"0.2",0.28,0.434906369518064,1.14512174591402,0.2,10364,1.27976715654418,"no","yes"
"0.2",0.29,0.621609304570539,1.170015361714,0.2,12429,1.36435592730218,"yes","yes"
"0.2",0.3,0.674686302273646,1.19523645769521,0.2,12421,1.41480275330109,"yes","yes"
"0.2",0.31,0.712365063995525,1.22076218998543,0.2,12415,1.46222080002186,"yes","yes"
"0.2",0.32,0.73953867012012,1.24657220602298,0.2,12411,1.50709046005386,"yes","yes"
"0.2",0.33,0.75906139946875,1.27264732238755,0.2,12407,1.54966158969987,"yes","yes"
"0.2",0.34,0.773173777225506,1.29897098410439,0.2,12405,1.59037641862065,"yes","yes"
"0.2",0.35,0.783510181741355,1.32552801765679,0.2,12403,1.62973989457084,"yes","yes"
"0.2",0.36,0.791210044970643,1.35230507454283,0.2,12402,1.6681563259631,"yes","yes"
"0.2",0.37,0.797041440154329,1.37928946696487,0.2,12400,1.70592711575272,"yes","yes"
"0.2",0.38,0.80152407705427,1.40647006871096,0.2,12399,1.74327444730613,"yes","yes"
"0.2",0.39,0.805022185520528,1.4338365665043,0.2,12398,1.78034874308917,"yes","yes"
"0.2",0.4,0.807785733539956,1.4613788246518,0.2,12397,1.81725623450547,"yes","yes"
"0.2",0.41,0.809994407832375,1.48908778118075,0.2,12396,1.85407163815954,"yes","yes"
"0.2",0.42,0.811779190127703,1.51695463485094,0.2,12395,1.89084607436742,"yes","yes"
"0.2",0.43,0.813236324065445,1.54497158036142,0.2,12394,1.92761508041886,"yes","yes"
"0.2",0.44,0.814438679264381,1.57313017247125,0.2,12393,1.96440398015219,"yes","yes"
"0.2",0.45,0.815434985220171,1.60142386834724,0.2,12393,2.00123164673971,"yes","yes"
"0.3",0.01,0.0179288105160162,0.722451859693402,0.3,0,0.722948125764868,"no","no"
"0.3",0.02,0.0181031144916223,0.724540522899575,0.3,0,0.726495218064142,"no","no"
"0.3",0.03,0.0182765281450645,0.728004631065874,0.3,0,0.732311528151089,"no","no"
"0.3",0.04,0.018462335576697,0.732825146594599,0.3,60,0.740274759685053,"no","no"
"0.3",0.05,0.0186593935135318,0.73897555868539,0.3,65,0.750232399793717,"no","no"
"0.3",0.06,0.0188676766329814,0.746423119602634,0.3,69,0.762016233352331,"no","no"
"0.3",0.07,0.0190911231653824,0.755129812235721,0.3,73,0.775454304693635,"no","no"
"0.3",0.08,0.0193731059931164,0.765052739956296,0.3,77,0.790379588963909,"no","no"
"0.3",0.09,0.0196449607045308,0.776145617168594,0.3,80,0.806636063444932,"no","no"
"0.3",0.1,0.0199930783946303,0.788359308572485,0.3,310,0.824085603641298,"no","no"
"0.3",0.11,0.0204370404946519,0.801643097897471,0.3,317,0.84259952156318,"no","no"
"0.3",0.12,0.0210040794252214,0.815945036703529,0.3,322,0.86206393813135,"no","no"
"0.3",0.13,0.0216976313277994,0.831213167082112,0.3,327,0.882381635835606,"no","no"
"0.3",0.14,0.0226432966676136,0.847395777415818,0.3,726,0.903476634412112,"no","no"
"0.3",0.15,0.0237721315189394,0.864442165754515,0.3,739,0.925275352974237,"no","no"
"0.3",0.16,0.0250596076306031,0.882303289291038,0.3,748,0.947705508990874,"no","no"
"0.3",0.17,0.0271213076590009,0.90093141751557,0.3,1088,0.970764073062078,"no","no"
"0.3",0.18,0.0303727539859012,0.920280770936715,0.3,1441,0.994402861496643,"no","no"
"0.3",0.19,0.0610315948753367,0.940324453229364,0.3,1625,1.01994658148187,"no","no"
"0.3",0.2,0.0684273952361993,0.961000848794107,0.3,1621,1.04499468932249,"no","no"
"0.3",0.21,0.0813818892837479,0.982274876376277,0.3,3268,1.07133590817235,"no","no"
"0.3",0.22,0.172023386710655,1.00411126087694,0.3,6928,1.10499589079235,"no","yes"
"0.3",0.23,0.421833802275614,1.02647562694986,0.3,12531,1.16955828776546,"yes","yes"
"0.3",0.24,0.54350093059414,1.04933546146558,0.3,12435,1.23099043182334,"yes","yes"
"0.3",0.25,0.610812021409533,1.07265919314101,0.3,12424,1.27963697540778,"yes","yes"
"0.3",0.26,0.662566865948785,1.09641712841973,0.3,12418,1.32705510378895,"yes","yes"
"0.3",0.27,0.701715027444038,1.1205803954871,0.3,12413,1.37287549762438,"yes","yes"
"0.3",0.28,0.730508374078922,1.14512174591402,0.3,12408,1.41665343635797,"yes","yes"
"0.3",0.29,0.751501053077671,1.170015361714,0.3,12405,1.45834096938876,"yes","yes"
"0.3",0.3,0.766880928356082,1.19523645769521,0.3,12402,1.49830694392131,"yes","yes"
"0.3",0.31,0.778308049987539,1.22076218998543,0.3,12401,1.53701180530114,"yes","yes"
"0.3",0.32,0.786938373379896,1.24657220602298,0.3,12399,1.57483463007585,"yes","yes"
"0.3",0.33,0.793560877409519,1.27264732238755,0.3,12398,1.61206937668192,"yes","yes"
"0.3",0.34,0.798710866466893,1.29897098410439,0.3,12396,1.64892611678982,"yes","yes"
"0.3",0.35,0.802759481826999,1.32552801765679,0.3,12395,1.68554497743068,"yes","yes"
"0.3",0.36,0.805981006266892,1.35230507454283,0.3,12394,1.72202454407456,"yes","yes"
"0.3",0.37,0.808560932755332,1.37928946696487,0.3,12393,1.7584333641152,"yes","yes"
"0.3",0.38,0.810651052505479,1.40647006871096,0.3,12392,1.79481865033907,"yes","yes"
"0.3",0.39,0.812354566065462,1.4338365665043,0.3,12392,1.83121254798612,"yes","yes"
"0.3",0.4,0.813753998579038,1.4613788246518,0.3,12391,1.86763954356465,"yes","yes"
"0.3",0.41,0.814912867030215,1.48908778118075,0.3,12390,1.90411697986485,"yes","yes"
"0.3",0.42,0.815878987032487,1.51695463485094,0.3,12390,1.94065764444397,"yes","yes"
"0.3",0.43,0.816686388830793,1.54497158036142,0.3,12389,1.9772699612568,"yes","yes"
"0.3",0.44,0.81736620649911,1.57313017247125,0.3,12388,2.01396041459529,"yes","yes"
"0.3",0.45,0.817944172463994,1.60142386834724,0.3,12388,2.05073328154308,"yes","yes"
"0.4",0.01,0.0179535955450084,0.722451859693402,0.4,0,0.723316665280281,"no","no"
"0.4",0.02,0.0181525251600127,0.724540522899575,0.4,0,0.727925750418493,"no","no"
"0.4",0.03,0.0183504062125321,0.728004631065874,0.4,0,0.735389615423077,"no","no"
"0.4",0.04,0.0185623300410076,0.732825146594599,0.4,60,0.745438947997468,"no","no"
"0.4",0.05,0.0187869519472182,0.73897555868539,0.4,65,0.75776711852108,"no","no"
"0.4",0.06,0.0190242571154803,0.746423119602634,0.4,69,0.772067903156893,"no","no"
"0.4",0.07,0.0193180978369984,0.755129812235721,0.4,73,0.788060061394828,"no","no"
"0.4",0.08,0.0196365773868179,0.765052739956296,0.4,77,0.80549762993911,"no","no"
"0.4",0.09,0.0200262274120782,0.776145617168594,0.4,313,0.824178300008017,"no","no"
"0.4",0.1,0.0204377373549599,0.788359308572485,0.4,319,0.843922235800904,"no","no"
"0.4",0.11,0.0209233201413754,0.801643097897471,0.4,721,0.864590138987453,"no","no"
"0.4",0.12,0.0217753807498166,0.815945036703529,0.4,732,0.886074563583142,"no","no"
"0.4",0.13,0.0228525085488435,0.831213167082112,0.4,1063,0.908274570997706,"no","no"
"0.4",0.14,0.0243961616805391,0.847395777415818,0.4,1081,0.931128134587904,"no","no"
"0.4",0.15,0.0270589109380093,0.864442165754515,0.4,1437,0.954593932710155,"no","no"
"0.4",0.16,0.0540235110151168,0.882303289291038,0.4,1628,0.979582380994353,"no","no"
"0.4",0.17,0.0617081547235173,0.90093141751557,0.4,1800,1.00441116667737,"no","no"
"0.4",0.18,0.0864773307354593,0.920280770936715,0.4,4700,1.03096966343258,"no","no"
"0.4",0.19,0.21727498004146,0.940324453229364,0.4,9652,1.06492453479146,"no","no"
"0.4",0.2,0.452703502453419,0.961000848794107,0.4,12456,1.13322024036454,"yes","no"
"0.4",0.21,0.534393500790357,0.982274876376277,0.4,12429,1.18067507287619,"yes","no"
"0.4",0.22,0.602943618576747,1.00411126087694,0.4,12421,1.22756881547594,"yes","yes"
"0.4",0.23,0.656740375979233,1.02647562694986,0.4,12414,1.27393560607984,"yes","yes"
"0.4",0.24,0.696910947515631,1.04933546146558,0.4,12409,1.31888943225776,"yes","yes"
"0.4",0.25,0.726323437994969,1.07265919314101,0.4,12405,1.36178915580197,"yes","yes"
"0.4",0.26,0.747772083719452,1.09641712841973,0.4,12402,1.40267155045106,"yes","yes"
"0.4",0.27,0.763577951849824,1.1205803954871,0.4,12399,1.44194866354004,"yes","yes"
"0.4",0.28,0.775423395838942,1.14512174591402,0.4,12398,1.48006808657409,"yes","yes"
"0.4",0.29,0.784468974645857,1.170015361714,0.4,12396,1.51739591092769,"yes","yes"
"0.4",0.3,0.791494598896084,1.19523645769521,0.4,12395,1.5542124288532,"yes","yes"
"0.4",0.31,0.797027186514113,1.22076218998543,0.4,12394,1.59070897307647,"yes","yes"
"0.4",0.32,0.801426457770001,1.24657220602298,0.4,12393,1.62701695990034,"yes","yes"
"0.4",0.33,0.804952492235601,1.27264732238755,0.4,12392,1.66322388037113,"yes","yes"
"0.4",0.34,0.807805822468896,1.29897098410439,0.4,12391,1.69938938878399,"yes","yes"
"0.4",0.35,0.810118674709198,1.32552801765679,0.4,12390,1.73555424043855,"yes","yes"
"0.4",0.36,0.81200727835522,1.35230507454283,0.4,12389,1.77174622115034,"yes","yes"
"0.4",0.37,0.813556099270566,1.37928946696487,0.4,12389,1.80798474093356,"yes","yes"
"0.4",0.38,0.814831310617434,1.40647006871096,0.4,12388,1.84428343271247,"yes","yes"
"0.4",0.39,0.815886589759979,1.4338365665043,0.4,12387,1.88065291695577,"yes","yes"
"0.4",0.4,0.816766533177898,1.4613788246518,0.4,12387,1.91710023312455,"yes","yes"
"0.4",0.41,0.817502691473719,1.48908778118075,0.4,12386,1.95363159903549,"yes","yes"
"0.4",0.42,0.81812029410193,1.51695463485094,0.4,12386,1.99024958478723,"yes","yes"
"0.4",0.43,0.818637170297433,1.54497158036142,0.4,12386,2.0269579930172,"yes","yes"
"0.4",0.44,0.819076378726804,1.57313017247125,0.4,12385,2.06375682091739,"yes","yes"
"0.4",0.45,0.819448501426784,1.60142386834724,0.4,12385,2.10064722526,"yes","yes"
"0.5",0.01,0.0179868468961446,0.722451859693402,0.5,0,0.724009791122496,"no","no"
"0.5",0.02,0.0182188051835313,0.724540522899575,0.5,0,0.73054581716246,"no","no"
"0.5",0.03,0.0184494940248464,0.728004631065874,0.5,0,0.740810582854097,"no","no"
"0.5",0.04,0.0187379533634323,0.732825146594599,0.5,60,0.754128967825748,"no","no"
"0.5",0.05,0.01900488620942,0.73897555868539,0.5,65,0.769863525629458,"no","no"
"0.5",0.06,0.0192867381770893,0.746423119602634,0.5,69,0.787490525283676,"no","no"
"0.5",0.07,0.0195887479384309,0.755129812235721,0.5,73,0.806608478013829,"no","no"
"0.5",0.08,0.0200736275474601,0.765052739956296,0.5,314,0.826924410774959,"no","no"
"0.5",0.09,0.0205520362733395,0.776145617168594,0.5,723,0.848213493479449,"no","no"
"0.5",0.1,0.0211732517600119,0.788359308572485,0.5,731,0.870317423640297,"no","no"
"0.5",0.11,0.0221212372068952,0.801643097897471,0.5,1070,0.893122307966293,"no","no"
"0.5",0.12,0.0238795469150664,0.815945036703529,0.5,1419,0.916539445987584,"no","no"
"0.5",0.13,0.0272308898274588,0.831213167082112,0.5,2225,0.940546490700401,"no","no"
"0.5",0.14,0.0363972935824865,0.847395777415818,0.5,3248,0.965272308719679,"no","no"
"0.5",0.15,0.0693393969162017,0.864442165754515,0.5,4370,0.99159997967326,"no","no"
"0.5",0.16,0.173883494006071,0.882303289291038,0.5,9653,1.02257292087192,"no","no"
"0.5",0.17,0.353110189368942,0.90093141751557,0.5,12490,1.07171389402715,"yes","no"
"0.5",0.18,0.479809980601185,0.920280770936715,0.5,12430,1.12278288036089,"yes","no"
"0.5",0.19,0.565628771250937,0.940324453229364,0.5,12420,1.17009899517323,"yes","no"
"0.5",0.2,0.6293677992566,0.961000848794107,0.5,12414,1.21663121838123,"yes","no"
"0.5",0.21,0.677069325058696,0.982274876376277,0.5,12408,1.26169470594948,"yes","no"
"0.5",0.22,0.711478433070923,1.00411126087694,0.5,12404,1.30474463237001,"yes","yes"
"0.5",0.23,0.736386873891082,1.02647562694986,0.5,12400,1.34572122078584,"yes","yes"
"0.5",0.24,0.75465019107283,1.04933546146558,0.5,12397,1.38500900316066,"yes","yes"
"0.5",0.25,0.76830894863054,1.07265919314101,0.5,12396,1.42307168560005,"yes","yes"
"0.5",0.26,0.778731412613467,1.09641712841973,0.5,12394,1.46030163822298,"yes","yes"
"0.5",0.27,0.786841169500395,1.1205803954871,0.5,12393,1.49699449545086,"yes","yes"
"0.5",0.28,0.793245043001575,1.14512174591402,0.5,12392,1.53335409470596,"yes","yes"
"0.5",0.29,0.79837220872904,1.170015361714,0.5,12391,1.56951829014862,"yes","yes"
"0.5",0.3,0.802510546285519,1.19523645769521,0.5,12390,1.60557922959378,"yes","yes"
"0.5",0.31,0.805877125233129,1.22076218998543,0.5,12389,1.64160220821003,"yes","yes"
"0.5",0.32,0.808628323411218,1.24657220602298,0.5,12388,1.67763061923513,"yes","yes"
"0.5",0.33,0.810882300219451,1.27264732238755,0.5,12387,1.71369195848659,"yes","yes"
"0.5",0.34,0.812734054524474,1.29897098410439,0.5,12387,1.74980574737535,"yes","yes"
"0.5",0.35,0.814255801794891,1.32552801765679,0.5,12386,1.78598403992139,"yes","yes"
"0.5",0.36,0.815505398184473,1.35230507454283,0.5,12386,1.82223586530356,"yes","yes"
"0.5",0.37,0.816540157453049,1.37928946696487,0.5,12385,1.85856710979558,"yes","yes"
"0.5",0.38,0.8173985371366,1.40647006871096,0.5,12385,1.89498341737962,"yes","yes"
"0.5",0.39,0.818108195213101,1.4338365665043,0.5,12384,1.93148691675179,"yes","yes"
"0.5",0.4,0.818699359567408,1.4613788246518,0.5,12384,1.968081152933,"yes","yes"
"0.5",0.41,0.819190758981659,1.48908778118075,0.5,12384,2.00476728510394,"yes","yes"
"0.5",0.42,0.819604816059828,1.51695463485094,0.5,12384,2.04154614551607,"yes","yes"
"0.5",0.43,0.819948530367792,1.54497158036142,0.5,12384,2.07841845786939,"yes","yes"
"0.5",0.44,0.820237941267432,1.57313017247125,0.5,12383,2.11538321421181,"yes","yes"
"0.5",0.45,0.820483042363363,1.60142386834724,0.5,12383,2.15244007543891,"yes","yes"
"0.6",0.01,0.0180318797536198,0.722451859693402,0.6,0,0.725772776492607,"no","no"
"0.6",0.02,0.0183508040225007,0.724540522899575,0.6,0,0.736641001995948,"no","no"
"0.6",0.03,0.0186358985599454,0.728004631065874,0.6,0,0.752134633982901,"no","no"
"0.6",0.04,0.0189789260851376,0.732825146594599,0.6,60,0.770505540425888,"no","no"
"0.6",0.05,0.0193094940000721,0.73897555868539,0.6,65,0.790706557522861,"no","no"
"0.6",0.06,0.019658347936983,0.746423119602634,0.6,69,0.812147736229145,"no","no"
"0.6",0.07,0.0201435891088218,0.755129812235721,0.6,313,0.834494165026936,"no","no"
"0.6",0.08,0.0207723635516511,0.765052739956296,0.6,728,0.857541790673005,"no","no"
"0.6",0.09,0.0217596481372528,0.776145617168594,0.6,1069,0.881166432208581,"no","no"
"0.6",0.1,0.023379502826483,0.788359308572485,0.6,1422,0.905288496359819,"no","no"
"0.6",0.11,0.0272926953353891,0.801643097897471,0.6,2556,0.929907863317749,"no","no"
"0.6",0.12,0.0373111082835693,0.815945036703529,0.6,4354,0.95514135079254,"no","no"
"0.6",0.13,0.0813052900627851,0.831213167082112,0.6,7663,0.982173737494698,"no","no"
"0.6",0.14,0.23036694256779,0.847395777415818,0.6,12531,1.01658781745505,"yes","no"
"0.6",0.15,0.38379835834137,0.864442165754515,0.6,12436,1.06497215113361,"yes","no"
"0.6",0.16,0.495911506367081,0.882303289291038,0.6,12422,1.11118728800361,"yes","no"
"0.6",0.17,0.578354253452447,0.90093141751557,0.6,12414,1.15757670311836,"yes","no"
"0.6",0.18,0.640079703688298,0.920280770936715,0.6,12408,1.20380841201467,"yes","no"
"0.6",0.19,0.686358123106064,0.940324453229364,0.6,12403,1.24792400403193,"yes","no"
"0.6",0.2,0.718025997282688,0.961000848794107,0.6,12399,1.28947622753434,"yes","no"
"0.6",0.21,0.740645174043265,0.982274876376277,0.6,12396,1.32914608913788,"yes","no"
"0.6",0.22,0.75733913956423,1.00411126087694,0.6,12394,1.36742003986229,"yes","yes"
"0.6",0.23,0.769984712383046,1.02647562694986,0.6,12392,1.40474783395998,"yes","yes"
"0.6",0.24,0.779771880205357,1.04933546146558,0.6,12391,1.44146463653382,"yes","yes"
"0.6",0.25,0.787483233053304,1.07265919314101,0.6,12390,1.47780674735664,"yes","yes"
"0.6",0.26,0.793645232821547,1.09641712841973,0.6,12389,1.51392807341946,"yes","yes"
"0.6",0.27,0.798623217405012,1.1205803954871,0.6,12388,1.54992765922494,"yes","yes"
"0.6",0.28,0.802683674606661,1.14512174591402,0.6,12387,1.5858725520352,"yes","yes"
"0.6",0.29,0.806025238844733,1.170015361714,0.6,12386,1.62181165433586,"yes","yes"
"0.6",0.3,0.808785899273186,1.19523645769521,0.6,12386,1.65777965703462,"yes","yes"
"0.6",0.31,0.811069915042472,1.22076218998543,0.6,12385,1.69379845490295,"yes","yes"
"0.6",0.32,0.812963200625797,1.24657220602298,0.6,12385,1.72988218809787,"yes","yes"
"0.6",0.33,0.814531511935244,1.27264732238755,0.6,12384,1.76604077513691,"yes","yes"
"0.6",0.34,0.815825223406692,1.29897098410439,0.6,12384,1.80228055375427,"yes","yes"
"0.6",0.35,0.81689440636693,1.32552801765679,0.6,12383,1.83860517905538,"yes","yes"
"0.6",0.36,0.817775118000526,1.35230507454283,0.6,12383,1.87501754161452,"yes","yes"
"0.6",0.37,0.818496811877813,1.37928946696487,0.6,12383,1.91151971564053,"yes","yes"
"0.6",0.38,0.819094161913919,1.40647006871096,0.6,12383,1.94811281293142,"yes","yes"
"0.6",0.39,0.819587246776296,1.4338365665043,0.6,12383,1.98479838175029,"yes","yes"
"0.6",0.4,0.819989513432771,1.4613788246518,0.6,12382,2.02157735266775,"yes","yes"
"0.6",0.41,0.820323747237633,1.48908778118075,0.6,12382,2.05844937945011,"yes","yes"
"0.6",0.42,0.820603297244879,1.51695463485094,0.6,12382,2.0954150361443,"yes","yes"
"0.6",0.43,0.820830228699192,1.54497158036142,0.6,12382,2.1324735184249,"yes","yes"
"0.6",0.44,0.821017340372594,1.57313017247125,0.6,12382,2.16962371144351,"yes","yes"
"0.6",0.45,0.821173209145735,1.60142386834724,0.6,12383,2.20686492549049,"yes","yes"
"0.7",0.01,0.0181358687029846,0.722451859693402,0.7,0,0.735902197798329,"no","no"
"0.7",0.02,0.018536701646763,0.724540522899575,0.7,0,0.757556490271737,"no","no"
"0.7",0.03,0.01895185354377,0.728004631065874,0.7,0,0.780315070437023,"no","no"
"0.7",0.04,0.0194071941252534,0.732825146594599,0.7,60,0.803603484642408,"no","no"
"0.7",0.05,0.0198602247007062,0.73897555868539,0.7,65,0.827285397488101,"no","no"
"0.7",0.06,0.0204722970430514,0.746423119602634,0.7,721,0.851310333580996,"no","no"
"0.7",0.07,0.0214962666609205,0.755129812235721,0.7,1067,0.875656978150749,"no","no"
"0.7",0.08,0.0231204698791492,0.765052739956296,0.7,1419,0.900309282343659,"no","no"
"0.7",0.09,0.0274248677737383,0.776145617168594,0.7,2926,0.92531941499345,"no","no"
"0.7",0.1,0.0371978157737199,0.788359308572485,0.7,4678,0.950782244648225,"no","no"
"0.7",0.11,0.121658340547887,0.801643097897471,0.7,12406,0.979295879691372,"yes","no"
"0.7",0.12,0.236883954572649,0.815945036703529,0.7,12531,1.01264728216783,"yes","no"
"0.7",0.13,0.388518746908708,0.831213167082112,0.7,12427,1.05733948312384,"yes","no"
"0.7",0.14,0.504637779863415,0.847395777415818,0.7,12416,1.1016076062598,"yes","no"
"0.7",0.15,0.585784887901968,0.864442165754515,0.7,12408,1.14753596338878,"yes","no"
"0.7",0.16,0.645750973171083,0.882303289291038,0.7,12402,1.19258428282456,"yes","no"
"0.7",0.17,0.688940897240506,0.90093141751557,0.7,12398,1.23537874263576,"yes","no"
"0.7",0.18,0.719147159045943,0.920280770936715,0.7,12395,1.27540199264244,"yes","no"
"0.7",0.19,0.741617488404772,0.940324453229364,0.7,12392,1.31422116196352,"yes","no"
"0.7",0.2,0.757669827756212,0.961000848794107,0.7,12391,1.35178618195534,"yes","no"
"0.7",0.21,0.769835553053082,0.982274876376277,0.7,12389,1.38859899891279,"yes","no"
"0.7",0.22,0.779350445745972,1.00411126087694,0.7,12388,1.42495931853376,"yes","yes"
"0.7",0.23,0.786930085890325,1.02647562694986,0.7,12387,1.46106113267854,"yes","yes"
"0.7",0.24,0.793038935005008,1.04933546146558,0.7,12386,1.49703136805519,"yes","yes"
"0.7",0.25,0.798017745432486,1.07265919314101,0.7,12385,1.53293900152512,"yes","yes"
"0.7",0.26,0.802101730491499,1.09641712841973,0.7,12385,1.56882809615624,"yes","yes"
"0.7",0.27,0.805480033308024,1.1205803954871,0.7,12384,1.60473147398733,"yes","yes"
"0.7",0.28,0.808298214776963,1.14512174591402,0.7,12383,1.64067508406892,"yes","yes"
"0.7",0.29,0.810653810075726,1.170015361714,0.7,12383,1.67667775999499,"yes","yes"
"0.7",0.3,0.812632240067768,1.19523645769521,0.7,12383,1.71275205073663,"yes","yes"
"0.7",0.31,0.814289253473377,1.22076218998543,0.7,12382,1.74890615418329,"yes","yes"
"0.7",0.32,0.815679129239853,1.24657220602298,0.7,12382,1.78514600693985,"yes","yes"
"0.7",0.33,0.816830272753856,1.27264732238755,0.7,12382,1.82147485748684,"yes","yes"
"0.7",0.34,0.817782345519733,1.29897098410439,0.7,12382,1.85789517327705,"yes","yes"
"0.7",0.35,0.818568620588451,1.32552801765679,0.7,12382,1.89440789076305,"yes","yes"
"0.7",0.36,0.819205819439671,1.35230507454283,0.7,12382,1.93101346155726,"yes","yes"
"0.7",0.37,0.819731208689781,1.37928946696487,0.7,12382,1.96771280601465,"yes","yes"
"0.7",0.38,0.820157696534354,1.40647006871096,0.7,12382,2.00450584460677,"yes","yes"
"0.7",0.39,0.820505033889527,1.4338365665043,0.7,12382,2.04139331304342,"yes","yes"
"0.7",0.4,0.820784962253019,1.4613788246518,0.7,12382,2.0783749145531,"yes","yes"
"0.7",0.41,0.821013369419482,1.48908778118075,0.7,12382,2.1154503792863,"yes","yes"
"0.7",0.42,0.821195792438662,1.51695463485094,0.7,12382,2.15261895987256,"yes","yes"
"0.7",0.43,0.821339271255654,1.54497158036142,0.7,12383,2.1898804441766,"yes","yes"
"0.7",0.44,0.821457409424551,1.57313017247125,0.7,12383,2.2272327702268,"yes","yes"
"0.7",0.45,0.821550652750948,1.60142386834724,0.7,12383,2.26467462962275,"yes","yes"
"0.8",0.01,0.0182930080599537,0.722451859693402,0.8,0,0.806274929740143,"no","no"
"0.8",0.02,0.0189800674294578,0.724540522899575,0.8,0,0.821470588217121,"no","no"
"0.8",0.03,0.0196804020794638,0.728004631065874,0.8,0,0.840887763080732,"no","no"
"0.8",0.04,0.0204919768486077,0.732825146594599,0.8,60,0.862331452958308,"no","no"
"0.8",0.05,0.0213334600007287,0.73897555868539,0.8,65,0.884916599627149,"no","no"
"0.8",0.06,0.0231898505543293,0.746423119602634,0.8,1414,0.908270810733373,"no","no"
"0.8",0.07,0.0274761265365299,0.755129812235721,0.8,2927,0.932232517043228,"no","no"
"0.8",0.08,0.0389854008582378,0.765052739956296,0.8,6204,0.956824073845693,"no","no"
"0.8",0.09,0.136778942496691,0.776145617168594,0.8,12411,0.984592130373591,"yes","no"
"0.8",0.1,0.246006497769788,0.788359308572485,0.8,12439,1.01775439622343,"yes","no"
"0.8",0.11,0.383807612525285,0.801643097897471,0.8,12420,1.05589894897451,"yes","no"
"0.8",0.12,0.50287093224974,0.815945036703529,0.8,12409,1.09778175961726,"yes","no"
"0.8",0.13,0.592854585869401,0.831213167082112,0.8,12402,1.14237053336257,"yes","no"
"0.8",0.14,0.649132072189328,0.847395777415818,0.8,12396,1.18540009304337,"yes","no"
"0.8",0.15,0.688804995538765,0.864442165754515,0.8,12393,1.22625552466314,"yes","no"
"0.8",0.16,0.718405068489507,0.882303289291038,0.8,12390,1.26524594561094,"yes","no"
"0.8",0.17,0.739682699017464,0.90093141751557,0.8,12388,1.30266172826474,"yes","no"
"0.8",0.18,0.75493933014829,0.920280770936715,0.8,12387,1.33937306739177,"yes","no"
"0.8",0.19,0.767756440358522,0.940324453229364,0.8,12386,1.37595505396287,"yes","no"
"0.8",0.2,0.777374892487951,0.961000848794107,0.8,12385,1.4120753231535,"yes","no"
"0.8",0.21,0.785020825507873,0.982274876376277,0.8,12384,1.44798855069678,"yes","no"
"0.8",0.22,0.791233862576727,1.00411126087694,0.8,12383,1.48382255563728,"yes","yes"
"0.8",0.23,0.796338094644341,1.02647562694986,0.8,12383,1.5196483927197,"yes","yes"
"0.8",0.24,0.800560979528403,1.04933546146558,0.8,12382,1.55549424653181,"yes","yes"
"0.8",0.25,0.804068971364026,1.07265919314101,0.8,12382,1.59137609953076,"yes","yes"
"0.8",0.26,0.807005533424424,1.09641712841973,0.8,12381,1.62730914094458,"yes","yes"
"0.8",0.27,0.809479244924767,1.1205803954871,0.8,12381,1.66330694091404,"yes","yes"
"0.8",0.28,0.811572922928444,1.14512174591402,0.8,12381,1.69937990985943,"yes","yes"
"0.8",0.29,0.813354418746301,1.170015361714,0.8,12381,1.73553737141341,"yes","yes"
"0.8",0.3,0.814870706033391,1.19523645769521,0.8,12381,1.7717839743339,"yes","yes"
"0.8",0.31,0.81615200127795,1.22076218998543,0.8,12381,1.80812429769967,"yes","yes"
"0.8",0.32,0.817227619745145,1.24657220602298,0.8,12381,1.84456163207426,"yes","yes"
"0.8",0.33,0.818124597057827,1.27264732238755,0.8,12382,1.88109640191995,"yes","yes"
"0.8",0.34,0.81886569182422,1.29897098410439,0.8,12382,1.91772909027484,"yes","yes"
"0.8",0.35,0.819469157733314,1.32552801765679,0.8,12382,1.9544599037375,"yes","yes"
"0.8",0.36,0.81995883981401,1.35230507454283,0.8,12382,1.99128768836231,"yes","yes"
"0.8",0.37,0.820352255883202,1.37928946696487,0.8,12383,2.02821240564776,"yes","yes"
"0.8",0.38,0.820665080211594,1.40647006871096,0.8,12383,2.06523394709236,"yes","yes"
"0.8",0.39,0.820913652383903,1.4338365665043,0.8,12383,2.10235162790767,"yes","yes"
"0.8",0.4,0.821111840898848,1.4613788246518,0.8,12383,2.13956531486602,"yes","yes"
"0.8",0.41,0.821264005585221,1.48908778118075,0.8,12384,2.17687415645366,"yes","yes"
"0.8",0.42,0.8213796307576,1.51695463485094,0.8,12384,2.21427666543408,"yes","yes"
"0.8",0.43,0.821466936070204,1.54497158036142,0.8,12384,2.25177258148259,"yes","yes"
"0.8",0.44,0.821533446589875,1.57313017247125,0.8,12385,2.28935975924273,"yes","yes"
"0.8",0.45,0.82157732473176,1.60142386834724,0.8,12385,2.32703749008448,"yes","yes"
"0.9",0.01,0.0189935361057613,0.722451859693402,0.9,0,0.903081120212622,"no","no"
"0.9",0.02,0.0205843045333988,0.724540522899575,0.9,0,0.911814625289904,"no","no"
"0.9",0.03,0.0223802758516976,0.728004631065874,0.9,0,0.925025011993397,"no","no"
"0.9",0.04,0.0243578625627409,0.732825146594599,0.9,1062,0.94149261864802,"no","no"
"0.9",0.05,0.0293927491908239,0.73897555868539,0.9,2926,0.960302689171527,"no","no"
"0.9",0.06,0.0513642415478845,0.746423119602634,0.9,12391,0.981059202811703,"yes","no"
"0.9",0.07,0.144426773654366,0.755129812235721,0.9,12415,1.00492785529542,"yes","no"
"0.9",0.08,0.24753913401115,0.765052739956296,0.9,12427,1.03339847520023,"yes","no"
"0.9",0.09,0.383742681492107,0.776145617168594,0.9,12412,1.06708111710126,"yes","no"
"0.9",0.1,0.504193168749358,0.788359308572485,0.9,12401,1.10437314004909,"yes","no"
"0.9",0.11,0.590951925421881,0.801643097897471,0.9,12393,1.14443891751444,"yes","no"
"0.9",0.12,0.649890212753132,0.815945036703529,0.9,12389,1.18441031970265,"yes","no"
"0.9",0.13,0.687814811555718,0.831213167082112,0.9,12386,1.22302159183045,"yes","no"
"0.9",0.14,0.713538132839133,0.847395777415818,0.9,12385,1.26038087682856,"yes","no"
"0.9",0.15,0.734299418084544,0.864442165754515,0.9,12384,1.29671430476236,"yes","no"
"0.9",0.16,0.751005836829552,0.882303289291038,0.9,12383,1.33277248902216,"yes","no"
"0.9",0.17,0.762938858303343,0.90093141751557,0.9,12382,1.36853921719722,"yes","no"
"0.9",0.18,0.772262937126653,0.920280770936715,0.9,12381,1.40420370181807,"yes","no"
"0.9",0.19,0.780888258701531,0.940324453229364,0.9,12381,1.44011418275556,"yes","no"
"0.9",0.2,0.787546088255024,0.961000848794107,0.9,12381,1.47584407206036,"yes","no"
"0.9",0.21,0.792988611483182,0.982274876376277,0.9,12381,1.51156672389153,"yes","no"
"0.9",0.22,0.797523354754983,1.00411126087694,0.9,12381,1.547348322095,"yes","yes"
"0.9",0.23,0.801319567757441,1.02647562694986,0.9,12381,1.58320411410302,"yes","yes"
"0.9",0.24,0.804514801257365,1.04933546146558,0.9,12381,1.61913621290401,"yes","yes"
"0.9",0.25,0.807212857517551,1.07265919314101,0.9,12381,1.65514894329386,"yes","yes"
"0.9",0.26,0.809500496058221,1.09641712841973,0.9,12382,1.69124690055323,"yes","yes"
"0.9",0.27,0.811458045716079,1.1205803954871,0.9,12382,1.7274350245477,"yes","yes"
"0.9",0.28,0.81314372283064,1.14512174591402,0.9,12383,1.76371952234497,"yes","yes"
"0.9",0.29,0.814593544637817,1.170015361714,0.9,12383,1.80010351855205,"yes","yes"
"0.9",0.3,0.815839821231996,1.19523645769521,0.9,12383,1.83659109122587,"yes","yes"
"0.9",0.31,0.816896383439086,1.22076218998543,0.9,12384,1.87318472667807,"yes","yes"
"0.9",0.32,0.817786204739027,1.24657220602298,0.9,12384,1.90988538982659,"yes","yes"
"0.9",0.33,0.81852455381385,1.27264732238755,0.9,12385,1.94669257863434,"yes","yes"
"0.9",0.34,0.819129122645829,1.29897098410439,0.9,12385,1.98360529136078,"yes","yes"
"0.9",0.35,0.819616328311696,1.32552801765679,0.9,12386,2.02062199125741,"yes","yes"
"0.9",0.36,0.820005241823642,1.35230507454283,0.9,12386,2.05774170396198,"yes","yes"
"0.9",0.37,0.820312183198101,1.37928946696487,0.9,12387,2.09496301295723,"yes","yes"
"0.9",0.38,0.820549364382745,1.40647006871096,0.9,12387,2.13228485451542,"yes","yes"
"0.9",0.39,0.82072971902725,1.4338365665043,0.9,12388,2.16970677299871,"yes","yes"
"0.9",0.4,0.820863605776625,1.4613788246518,0.9,12388,2.2072273596967,"yes","yes"
"0.9",0.41,0.820959410404235,1.48908778118075,0.9,12389,2.24484585495355,"yes","yes"
"0.9",0.42,0.82102644668856,1.51695463485094,0.9,12389,2.28256111703779,"yes","yes"
"0.9",0.43,0.821068483274058,1.54497158036142,0.9,12390,2.32037217794048,"yes","yes"
"0.9",0.44,0.821090876282217,1.57313017247125,0.9,12390,2.35827822477306,"yes","yes"
"0.9",0.45,0.821098322063408,1.60142386834724,0.9,12390,2.39627931677108,"yes","yes"
"0.99",0.01,0.02283127801094,0.722451859693402,0.99,0,0.992153681246698,"no","no"
"0.99",0.02,0.0279721568818058,0.724540522899575,0.99,0,0.9984521685837,"no","no"
"0.99",0.03,0.0342655148503717,0.728004631065874,0.99,12089,1.00845791507834,"no","no"
"0.99",0.04,0.0618891717981723,0.732825146594599,0.99,12404,1.02174898925829,"yes","no"
"0.99",0.05,0.148975986286939,0.73897555868539,0.99,12419,1.03863680622997,"yes","no"
"0.99",0.06,0.23735021299567,0.746423119602634,0.99,12422,1.05944545485439,"yes","no"
"0.99",0.07,0.364755577296808,0.755129812235721,0.99,12406,1.08524660648141,"yes","no"
"0.99",0.08,0.481195632352671,0.765052739956296,0.99,12392,1.11623081576784,"yes","no"
"0.99",0.09,0.570984484551444,0.776145617168594,0.99,12386,1.14949528643942,"yes","no"
"0.99",0.1,0.632910242044472,0.788359308572485,0.99,12383,1.18475105780105,"yes","no"
"0.99",0.11,0.675260446123117,0.801643097897471,0.99,12381,1.22047470274844,"yes","no"
"0.99",0.12,0.703075902790201,0.815945036703529,0.99,12380,1.25601295013263,"yes","no"
"0.99",0.13,0.722794713448659,0.831213167082112,0.99,12380,1.29132278047268,"yes","no"
"0.99",0.14,0.739457202040245,0.847395777415818,0.99,12381,1.32626013373315,"yes","no"
"0.99",0.15,0.753944482519541,0.864442165754515,0.99,12381,1.36142494526975,"yes","no"
"0.99",0.16,0.764578550773059,0.882303289291038,0.99,12382,1.3966473368274,"yes","no"
"0.99",0.17,0.772989418848152,0.90093141751557,0.99,12383,1.43194653207535,"yes","no"
"0.99",0.18,0.77987642603628,0.920280770936715,0.99,12384,1.46734405800877,"yes","no"
"0.99",0.19,0.786677525710152,0.940324453229364,0.99,12385,1.50313441653274,"yes","no"
"0.99",0.2,0.791992143847801,0.961000848794107,0.99,12386,1.5388673776581,"yes","no"
"0.99",0.21,0.796401966395307,0.982274876376277,0.99,12386,1.57468949744722,"yes","no"
"0.99",0.22,0.800116787774412,1.00411126087694,0.99,12387,1.61063119440606,"yes","yes"
"0.99",0.23,0.803262165803042,1.02647562694986,0.99,12388,1.64668919759833,"yes","yes"
"0.99",0.24,0.805928629875691,1.04933546146558,0.99,12389,1.68285789394729,"yes","yes"
"0.99",0.25,0.808199964612173,1.07265919314101,0.99,12390,1.71913460750278,"yes","yes"
"0.99",0.26,0.81014613942317,1.09641712841973,0.99,12391,1.75551752569734,"yes","yes"
"0.99",0.27,0.81182782344932,1.1205803954871,0.99,12391,1.79200798308587,"yes","yes"
"0.99",0.28,0.813286218521354,1.14512174591402,0.99,12392,1.828609742618,"yes","yes"
"0.99",0.29,0.814552228454889,1.170015361714,0.99,12393,1.86532418179348,"yes","yes"
"0.99",0.3,0.81564239332243,1.19523645769521,0.99,12393,1.90215451825949,"yes","yes"
"0.99",0.31,0.8165738335492,1.22076218998543,0.99,12394,1.93910252318234,"yes","yes"
"0.99",0.32,0.817353493125539,1.24657220602298,0.99,12395,1.97616738594881,"yes","yes"
"0.99",0.33,0.81799637451435,1.27264732238755,0.99,12395,2.01334945133056,"yes","yes"
"0.99",0.34,0.818516864296485,1.29897098410439,0.99,12396,2.05064561831282,"yes","yes"
"0.99",0.35,0.818931348249684,1.32552801765679,0.99,12396,2.08805190388555,"yes","yes"
"0.99",0.36,0.819252878963675,1.35230507454283,0.99,12397,2.12556726824086,"yes","yes"
"0.99",0.37,0.819499162336314,1.37928946696487,0.99,12397,2.16319072689611,"yes","yes"
"0.99",0.38,0.819682189869718,1.40647006871096,0.99,12398,2.20091979671366,"yes","yes"
"0.99",0.39,0.819817644515268,1.4338365665043,0.99,12398,2.23875269466942,"yes","yes"
"0.99",0.4,0.81991226449163,1.4613788246518,0.99,12399,2.27668886842127,"yes","yes"
"0.99",0.41,0.819972521541674,1.48908778118075,0.99,12399,2.31472757751696,"yes","yes"
"0.99",0.42,0.820004780526257,1.51695463485094,0.99,12400,2.35286980862857,"yes","yes"
"0.99",0.43,0.820015887764186,1.54497158036142,0.99,12400,2.39111231878312,"yes","yes"
"0.99",0.44,0.82000952136739,1.57313017247125,0.99,12401,2.42944330069137,"yes","yes"
"0.99",0.45,0.819990741305065,1.60142386834724,0.99,12401,2.46786665556981,"yes","yes"
